layer,head,openness,switchiness,frac_closed,ch_lo_frac,ch_hi_frac,min_ch_mean,n_ch_mean_lt_01
0,0,0.1823,0.0444,0.0349,0.3607,0.0009,0.05,14
0,1,0.2314,0.0529,0.0001,0.2209,0.0023,0.0491,7
0,2,0.1255,0.0386,0.3017,0.5842,0.0027,0.0491,30
0,3,0.1754,0.0547,0.0522,0.3862,0.0014,0.045,7
0,4,0.2594,0.0506,0.0,0.2792,0.0075,0.0281,12
0,5,0.1592,0.0361,0.0235,0.4097,0.0005,0.0528,6
0,6,0.1605,0.0314,0.0121,0.4707,0.0009,0.0303,32
0,7,0.1503,0.0276,0.0252,0.4799,0.0009,0.0338,36
0,8,0.1386,0.0281,0.0707,0.4868,0.0002,0.0267,32
0,9,0.163,0.0368,0.0086,0.3712,0.0008,0.0685,6
0,10,0.2052,0.0389,0.0,0.3115,0.0016,0.032,7
0,11,0.2608,0.0447,0.0,0.2155,0.0035,0.0657,5
0,12,0.2371,0.0371,0.0003,0.2287,0.0018,0.0753,5
0,13,0.1871,0.0592,0.0503,0.3899,0.0023,0.034,24
0,14,0.2511,0.0691,0.0097,0.1977,0.0024,0.0211,7
0,15,0.15,0.0359,0.0304,0.4808,0.001,0.0256,37
0,16,0.121,0.0325,0.3487,0.568,0.0009,0.0233,46
0,17,0.1203,0.0297,0.2088,0.5631,0.0005,0.0131,35
0,18,0.1475,0.045,0.1574,0.4372,0.0014,0.0163,8
0,19,0.1236,0.0274,0.1726,0.5453,0.0016,0.0203,31
0,20,0.1472,0.0353,0.0868,0.5061,0.0036,0.0213,24
0,21,0.1149,0.0491,0.4733,0.6358,0.0072,0.0076,48
0,22,0.1271,0.0438,0.2689,0.5262,0.003,0.0271,28
0,23,0.0937,0.0387,0.6248,0.7054,0.0011,0.0209,78
0,24,0.1454,0.0394,0.1428,0.4787,0.0016,0.0203,18
0,25,0.1716,0.0602,0.0946,0.3655,0.0005,0.0175,5
0,26,0.1349,0.0623,0.2714,0.4876,0.0005,0.0386,10
0,27,0.1313,0.0462,0.2921,0.5321,0.0006,0.0281,21
0,28,0.135,0.0527,0.278,0.5253,0.001,0.0342,31
0,29,0.1433,0.0555,0.1769,0.4309,0.0004,0.0556,8
0,30,0.0994,0.0269,0.5623,0.6842,0.0021,0.0008,82
0,31,0.1654,0.0421,0.0161,0.4363,0.0028,0.0567,27
1,0,0.1054,0.0249,0.4533,0.6176,0.0001,0.0225,64
1,1,0.318,0.1202,0.0419,0.2276,0.0066,0.031,11
1,2,0.3107,0.0713,0.0017,0.2205,0.0102,0.0133,9
1,3,0.1285,0.0784,0.5709,0.6557,0.0043,0.032,48
1,4,0.1533,0.0634,0.2116,0.5345,0.0025,0.0299,34
1,5,0.0767,0.0345,0.7941,0.7943,0.0005,0.0189,109
1,6,0.2672,0.0586,0.0,0.0735,0.0002,0.021,4
1,7,0.1019,0.03,0.557,0.7007,0.0009,0.0286,86
1,8,0.2097,0.08,0.0157,0.3673,0.0041,0.0451,10
1,9,0.2797,0.0542,0.0025,0.2768,0.0048,0.0319,13
1,10,0.1238,0.0453,0.3266,0.6093,0.0005,0.0278,55
1,11,0.1927,0.0593,0.0135,0.3909,0.0007,0.0516,31
1,12,0.0604,0.0249,0.925,0.8655,0.0009,0.0173,115
1,13,0.1805,0.0629,0.1031,0.4265,0.0013,0.0149,23
1,14,0.1622,0.0611,0.1246,0.5636,0.0036,0.0393,40
1,15,0.2077,0.0507,0.011,0.3216,0.0013,0.0148,21
1,16,0.1462,0.0374,0.0857,0.5688,0.0046,0.0452,45
1,17,0.14,0.0433,0.1638,0.5909,0.0072,0.0181,39
1,18,0.0735,0.039,0.8295,0.8175,0.001,0.0158,116
1,19,0.1811,0.0868,0.1031,0.4324,0.005,0.0306,20
1,20,0.0935,0.0476,0.6443,0.7461,0.0023,0.0238,90
1,21,0.0699,0.0491,0.8361,0.8559,0.0036,0.0183,120
1,22,0.1488,0.0764,0.3058,0.574,0.0035,0.0295,32
1,23,0.0743,0.0554,0.7827,0.8179,0.0017,0.0185,111
1,24,0.0921,0.0446,0.6274,0.7647,0.0025,0.0227,83
1,25,0.0965,0.039,0.7161,0.6817,0.0002,0.0132,74
1,26,0.0499,0.036,0.9303,0.9087,0.001,0.0182,124
1,27,0.1147,0.0671,0.5482,0.7092,0.0049,0.0129,74
1,28,0.0745,0.0253,0.8245,0.8489,0.0013,0.0137,116
1,29,0.1999,0.0453,0.0136,0.4396,0.0025,0.0065,37
1,30,0.121,0.0332,0.2705,0.6414,0.002,0.011,56
1,31,0.0712,0.0336,0.8072,0.8448,0.0023,0.0143,107
2,0,0.1702,0.0421,0.0455,0.4683,0.002,0.0291,38
2,1,0.088,0.0372,0.7732,0.7478,0.0002,0.0191,93
2,2,0.2064,0.0573,0.004,0.4092,0.0054,0.0276,31
2,3,0.0907,0.0413,0.6691,0.7268,0.0003,0.0229,89
2,4,0.1187,0.0417,0.3415,0.5762,0.0006,0.0396,51
2,5,0.083,0.0631,0.8138,0.7862,0.001,0.0248,102
2,6,0.2223,0.071,0.0153,0.4044,0.0031,0.0462,33
2,7,0.0798,0.0407,0.79,0.7735,0.0003,0.0207,102
2,8,0.1282,0.0326,0.1938,0.6043,0.0012,0.0256,69
2,9,0.1339,0.0307,0.0903,0.537,0.0007,0.0297,28
2,10,0.2308,0.0407,0.0094,0.3899,0.008,0.0237,28
2,11,0.1331,0.0463,0.2302,0.5229,0.0001,0.0394,25
2,12,0.1365,0.0335,0.1158,0.536,0.0009,0.0332,29
2,13,0.0739,0.0388,0.8613,0.8107,0.0005,0.0139,110
2,14,0.0766,0.0517,0.8669,0.8053,0.0,0.0255,111
2,15,0.1487,0.057,0.1684,0.516,0.0018,0.0423,24
2,16,0.1213,0.0315,0.2696,0.6151,0.0001,0.0141,64
2,17,0.209,0.0526,0.0013,0.1479,0.0001,0.0239,1
2,18,0.093,0.0356,0.6615,0.7402,0.0017,0.0404,81
2,19,0.1345,0.0494,0.2311,0.5278,0.0005,0.0261,19
2,20,0.1038,0.0511,0.6143,0.6713,0.0013,0.0557,55
2,21,0.1021,0.0664,0.6734,0.7322,0.0017,0.0317,64
2,22,0.1258,0.0346,0.2318,0.555,0.0003,0.0225,46
2,23,0.1041,0.0363,0.5487,0.6442,0.0003,0.0417,58
2,24,0.1182,0.0713,0.5451,0.6612,0.0063,0.0268,32
2,25,0.0919,0.029,0.6633,0.7241,0.0005,0.0369,88
2,26,0.1474,0.118,0.4458,0.5028,0.0025,0.0961,2
2,27,0.1582,0.0608,0.1632,0.4512,0.0013,0.0481,10
2,28,0.0949,0.0683,0.7986,0.7256,0.0002,0.0247,75
2,29,0.1091,0.0496,0.5701,0.6396,0.0005,0.0447,49
2,30,0.1003,0.0285,0.5558,0.6715,0.0001,0.0505,65
2,31,0.0713,0.0324,0.8464,0.819,0.0005,0.0265,116
3,0,0.0585,0.0138,0.9962,0.8382,0.0003,0.0084,113
3,1,0.0691,0.021,0.8905,0.8144,0.0013,0.0109,111
3,2,0.1645,0.0606,0.1389,0.481,0.0002,0.0156,42
3,3,0.0829,0.0232,0.775,0.7215,0.0002,0.0112,89
3,4,0.0811,0.0229,0.8107,0.7665,0.0012,0.014,97
3,5,0.134,0.0467,0.235,0.6243,0.0009,0.0092,73
3,6,0.0799,0.0363,0.8017,0.7624,0.0001,0.0143,98
3,7,0.0479,0.0234,0.9669,0.8905,0.0001,0.0102,118
3,8,0.0739,0.0192,0.8935,0.8008,0.0,0.0115,103
3,9,0.0525,0.02,0.9616,0.8605,0.0001,0.0074,118
3,10,0.0485,0.0171,0.9939,0.8863,0.0001,0.012,119
3,11,0.0809,0.0246,0.8309,0.7695,0.0001,0.0133,96
3,12,0.1132,0.0377,0.4385,0.6249,0.001,0.0107,70
3,13,0.0729,0.0211,0.8906,0.7881,0.0,0.0102,105
3,14,0.0385,0.0164,0.9976,0.9101,0.0,0.0097,120
3,15,0.0431,0.0253,0.9481,0.9009,0.0,0.0111,121
3,16,0.065,0.0405,0.8312,0.821,0.0,0.0145,109
3,17,0.0441,0.0185,0.9916,0.9027,0.0,0.0073,119
3,18,0.0634,0.0256,0.8927,0.8292,0.0,0.0082,115
3,19,0.0359,0.0158,0.9964,0.9313,0.0,0.0049,126
3,20,0.0639,0.0423,0.8176,0.8297,0.0003,0.0064,110
3,21,0.0547,0.0346,0.8702,0.8801,0.0008,0.0068,115
3,22,0.0606,0.017,0.9763,0.8284,0.0002,0.0051,100
3,23,0.0615,0.021,0.9499,0.8316,0.0,0.0078,122
3,24,0.06,0.0157,0.9788,0.8657,0.0,0.0073,121
3,25,0.032,0.016,0.9978,0.9508,0.0001,0.0069,127
3,26,0.044,0.0135,0.9995,0.9115,0.0001,0.01,123
3,27,0.0601,0.026,0.9,0.8564,0.0021,0.0084,114
3,28,0.0392,0.0153,0.9989,0.9117,0.0,0.0052,118
3,29,0.0389,0.0154,0.9947,0.9216,0.0001,0.0048,122
3,30,0.1038,0.0338,0.5084,0.6391,0.0004,0.0069,65
3,31,0.0641,0.0245,0.9046,0.8161,0.0,0.0089,108
4,0,0.088,0.0298,0.6702,0.755,0.0009,0.0224,83
4,1,0.1256,0.0302,0.1953,0.5211,0.0001,0.0341,29
4,2,0.0997,0.0462,0.6224,0.6892,0.0001,0.018,70
4,3,0.1588,0.0408,0.0659,0.409,0.0004,0.0682,14
4,4,0.1165,0.0452,0.4819,0.618,0.0004,0.0143,50
4,5,0.092,0.024,0.6543,0.7184,0.0002,0.014,74
4,6,0.0909,0.0445,0.6837,0.7333,0.0004,0.0323,82
4,7,0.089,0.0358,0.7018,0.7274,0.0002,0.0159,83
4,8,0.1159,0.0601,0.5439,0.6274,0.0002,0.0292,37
4,9,0.142,0.0406,0.1475,0.4682,0.0002,0.0361,32
4,10,0.1118,0.0385,0.4336,0.6217,0.0006,0.0179,62
4,11,0.0855,0.0271,0.7409,0.7329,0.0001,0.0199,93
4,12,0.1071,0.0426,0.5147,0.655,0.0003,0.0106,54
4,13,0.139,0.052,0.2703,0.53,0.0004,0.0258,35
4,14,0.1151,0.0511,0.4943,0.6194,0.0002,0.0133,48
4,15,0.0954,0.0581,0.7198,0.6955,0.0001,0.033,78
4,16,0.1673,0.0673,0.085,0.409,0.0004,0.0215,38
4,17,0.135,0.0267,0.0766,0.4841,0.0,0.0162,41
4,18,0.1204,0.0251,0.2076,0.5385,0.0,0.0141,43
4,19,0.1256,0.0459,0.3133,0.5127,0.0,0.0098,42
4,20,0.1857,0.0591,0.0584,0.3405,0.0,0.0166,31
4,21,0.2618,0.0652,0.0033,0.2512,0.0043,0.0046,13
4,22,0.1668,0.0474,0.0583,0.5162,0.0039,0.0109,58
4,23,0.1039,0.0434,0.5572,0.6125,0.0,0.0125,62
4,24,0.1064,0.0244,0.4347,0.6229,0.0,0.0093,67
4,25,0.113,0.0289,0.3618,0.6196,0.0004,0.0154,74
4,26,0.1566,0.0493,0.1244,0.4635,0.0001,0.0115,40
4,27,0.2977,0.0386,0.0,0.1583,0.0107,0.1046,0
4,28,0.1417,0.0271,0.0593,0.5103,0.0001,0.0151,52
4,29,0.1791,0.0278,0.0098,0.4593,0.0013,0.0183,48
4,30,0.1804,0.0401,0.0169,0.4489,0.0006,0.0179,46
4,31,0.1507,0.0193,0.0209,0.6221,0.0094,0.003,74
5,0,0.1986,0.1007,0.1247,0.268,0.0002,0.0315,5
5,1,0.1079,0.0369,0.4934,0.6469,0.0001,0.0359,71
5,2,0.1535,0.1107,0.4169,0.4847,0.0009,0.0512,8
5,3,0.1849,0.0828,0.1619,0.3635,0.0004,0.0249,11
5,4,0.2326,0.0928,0.0278,0.1842,0.0003,0.0616,4
5,5,0.1384,0.0639,0.3135,0.5097,0.0002,0.0405,28
5,6,0.094,0.0541,0.6689,0.7157,0.0005,0.0257,73
5,7,0.1238,0.0381,0.3004,0.6075,0.0003,0.0337,64
5,8,0.2266,0.0451,0.0,0.1078,0.0001,0.0805,3
5,9,0.1171,0.0645,0.5064,0.6397,0.0008,0.0212,32
5,10,0.282,0.069,0.0016,0.1495,0.0031,0.0452,2
5,11,0.1879,0.0561,0.0333,0.3143,0.0002,0.0329,12
5,12,0.1622,0.0457,0.0795,0.478,0.001,0.0316,41
5,13,0.1321,0.0371,0.1915,0.5103,0.0002,0.0668,18
5,14,0.2159,0.1008,0.0864,0.2506,0.0003,0.0337,6
5,15,0.1812,0.0548,0.0658,0.3583,0.0006,0.0772,4
5,16,0.1228,0.0421,0.3283,0.5657,0.0001,0.0087,52
5,17,0.2462,0.0388,0.0,0.2361,0.0065,0.0336,18
5,18,0.0804,0.021,0.8184,0.7819,0.0006,0.0066,102
5,19,0.1258,0.042,0.3015,0.5815,0.0004,0.0133,43
5,20,0.0887,0.0274,0.7685,0.7345,0.0004,0.0075,84
5,21,0.0712,0.0241,0.8839,0.8035,0.0005,0.0133,104
5,22,0.0773,0.0361,0.8304,0.7703,0.0,0.0104,99
5,23,0.0927,0.0224,0.7084,0.6983,0.0001,0.0153,76
5,24,0.0722,0.0229,0.8905,0.7976,0.0003,0.0099,100
5,25,0.1004,0.0397,0.6401,0.6817,0.0,0.0183,74
5,26,0.111,0.0454,0.5328,0.6555,0.0007,0.0102,71
5,27,0.0682,0.0173,0.9438,0.8266,0.0006,0.0122,109
5,28,0.0698,0.0192,0.9171,0.808,0.001,0.0092,102
5,29,0.1106,0.0372,0.4802,0.6358,0.0004,0.0149,59
5,30,0.3303,0.0677,0.0001,0.1729,0.0075,0.0502,13
5,31,0.0713,0.0171,0.9364,0.8104,0.0004,0.0123,104
6,0,0.1782,0.0446,0.0068,0.3491,0.0001,0.0151,32
6,1,0.1108,0.0317,0.43,0.5574,0.0001,0.0218,32
6,2,0.1788,0.059,0.0636,0.3434,0.0001,0.0199,20
6,3,0.1975,0.0404,0.004,0.2732,0.0004,0.0254,7
6,4,0.1226,0.0298,0.2396,0.5062,0.0001,0.0097,30
6,5,0.1922,0.0844,0.072,0.3037,0.0001,0.0352,12
6,6,0.1429,0.0855,0.3945,0.5061,0.0001,0.0178,33
6,7,0.1553,0.0632,0.1938,0.4027,0.0001,0.0177,25
6,8,0.1164,0.0616,0.4886,0.5784,0.0001,0.0281,37
6,9,0.1705,0.0358,0.0108,0.3461,0.0003,0.0147,6
6,10,0.1652,0.0527,0.0784,0.3647,0.0001,0.0214,19
6,11,0.3739,0.0677,0.0,0.0393,0.001,0.0722,1
6,12,0.3534,0.0964,0.0023,0.102,0.007,0.0532,2
6,13,0.2038,0.0557,0.0039,0.286,0.0,0.025,21
6,14,0.1007,0.0355,0.5634,0.6618,0.0001,0.0162,75
6,15,0.1645,0.0382,0.025,0.345,0.0001,0.0445,17
6,16,0.2899,0.0938,0.0016,0.1077,0.0002,0.0341,2
6,17,0.3303,0.0972,0.0021,0.0754,0.0013,0.0537,2
6,18,0.2466,0.1332,0.0468,0.1774,0.0016,0.0731,2
6,19,0.1646,0.042,0.051,0.3583,0.0001,0.0305,16
6,20,0.5185,0.0845,0.0,0.0135,0.0055,0.0345,1
6,21,0.2652,0.0456,0.0002,0.2031,0.0047,0.0169,10
6,22,0.3812,0.0767,0.0,0.0218,0.0032,0.1982,0
6,23,0.1905,0.043,0.0007,0.2939,0.0,0.0666,7
6,24,0.2622,0.0608,0.0,0.085,0.0002,0.0503,2
6,25,0.1921,0.0694,0.0447,0.2078,0.0,0.0183,6
6,26,0.3089,0.0817,0.0001,0.0698,0.0001,0.0679,2
6,27,0.1164,0.0565,0.522,0.5852,0.0,0.0446,41
6,28,0.1777,0.0692,0.1235,0.3309,0.0,0.0077,15
6,29,0.3678,0.0805,0.0002,0.0365,0.0004,0.0318,2
6,30,0.2688,0.0755,0.0011,0.1155,0.0007,0.0413,2
6,31,0.2356,0.0655,0.0022,0.1711,0.0001,0.0467,5
7,0,0.0982,0.0325,0.6152,0.6633,0.0,0.0176,81
7,1,0.144,0.0574,0.1854,0.4646,0.0001,0.0063,24
7,2,0.0746,0.0211,0.9002,0.7951,0.0,0.0063,104
7,3,0.2163,0.0645,0.0015,0.2487,0.0001,0.0128,15
7,4,0.1631,0.0423,0.016,0.4327,0.0,0.0111,39
7,5,0.281,0.0383,0.0,0.1222,0.0038,0.0273,6
7,6,0.1697,0.0588,0.0912,0.3561,0.0,0.0218,17
7,7,0.12,0.0387,0.3474,0.5225,0.0,0.0174,42
7,8,0.1729,0.0733,0.0878,0.3442,0.0002,0.0222,26
7,9,0.1974,0.0482,0.0028,0.316,0.0001,0.0183,26
7,10,0.1683,0.0826,0.1119,0.3969,0.0002,0.0085,14
7,11,0.206,0.0667,0.0172,0.2825,0.0001,0.0091,21
7,12,0.0928,0.0369,0.6878,0.6864,0.0,0.0203,79
7,13,0.1328,0.0598,0.2899,0.5166,0.0003,0.0151,41
7,14,0.0979,0.0475,0.6676,0.6733,0.0,0.0122,71
7,15,0.2003,0.0695,0.0213,0.2943,0.0001,0.0095,18
7,16,0.0877,0.0315,0.7528,0.711,0.0,0.004,85
7,17,0.209,0.0536,0.0096,0.376,0.0008,0.0284,27
7,18,0.2185,0.0613,0.0041,0.2438,0.0002,0.0434,15
7,19,0.0927,0.0244,0.6898,0.6834,0.0,0.0078,81
7,20,0.1877,0.0365,0.0192,0.417,0.0002,0.0117,36
7,21,0.1758,0.0419,0.0114,0.3844,0.0002,0.0274,29
7,22,0.1519,0.0297,0.0338,0.4378,0.0001,0.0143,40
7,23,0.2484,0.075,0.0055,0.2203,0.0003,0.02,17
7,24,0.1978,0.0542,0.0144,0.3486,0.0003,0.0159,25
7,25,0.1531,0.0486,0.0936,0.4362,0.0004,0.024,31
7,26,0.2726,0.0592,0.0,0.1906,0.0006,0.011,13
7,27,0.1748,0.0929,0.155,0.3472,0.0002,0.0277,11
7,28,0.1442,0.0325,0.0173,0.4632,0.0002,0.0063,45
7,29,0.1596,0.0329,0.0385,0.4929,0.0017,0.0128,43
7,30,0.272,0.0651,0.0003,0.1797,0.0003,0.0162,16
7,31,0.336,0.0472,0.0,0.1164,0.0114,0.0248,7
8,0,0.139,0.035,0.1519,0.5409,0.0002,0.0077,46
8,1,0.1128,0.0372,0.4222,0.6377,0.0004,0.0142,64
8,2,0.2333,0.0744,0.0148,0.2364,0.0002,0.035,14
8,3,0.1763,0.0912,0.1739,0.4165,0.0007,0.0501,18
8,4,0.3616,0.0419,0.0,0.1075,0.0171,0.02,4
8,5,0.1259,0.0593,0.4269,0.5961,0.0008,0.0189,39
8,6,0.1086,0.0539,0.5464,0.6606,0.0005,0.0311,64
8,7,0.1685,0.0541,0.0746,0.4229,0.0005,0.0433,21
8,8,0.2214,0.0617,0.0176,0.266,0.0005,0.0213,10
8,9,0.1239,0.0334,0.2493,0.6115,0.0018,0.0104,56
8,10,0.1827,0.0722,0.0842,0.351,0.0004,0.0372,23
8,11,0.1589,0.0488,0.074,0.4227,0.0002,0.0356,27
8,12,0.1585,0.0347,0.0416,0.4524,0.0001,0.023,28
8,13,0.1727,0.0656,0.1258,0.3826,0.0004,0.0387,13
8,14,0.1918,0.0722,0.0882,0.352,0.0007,0.0245,20
8,15,0.0904,0.0295,0.7432,0.7499,0.0001,0.0273,101
8,16,0.2397,0.0751,0.0192,0.2496,0.0008,0.012,13
8,17,0.2158,0.0439,0.0037,0.3039,0.0005,0.014,18
8,18,0.4846,0.0661,0.0,0.0473,0.0103,0.0757,2
8,19,0.2255,0.0491,0.0059,0.2721,0.0006,0.0203,12
8,20,0.2118,0.0501,0.0078,0.3323,0.001,0.0116,22
8,21,0.295,0.0894,0.0017,0.156,0.0003,0.0129,12
8,22,0.4278,0.093,0.0,0.0889,0.006,0.0227,7
8,23,0.2268,0.0538,0.0077,0.2428,0.0005,0.0241,11
8,24,0.2809,0.0618,0.0004,0.1597,0.0,0.0194,14
8,25,0.2024,0.0698,0.036,0.2765,0.0003,0.0098,6
8,26,0.2215,0.1438,0.1475,0.3068,0.0015,0.0064,8
8,27,0.3258,0.0843,0.0016,0.1666,0.0069,0.0073,6
8,28,0.2607,0.0419,0.0001,0.2053,0.0015,0.0148,14
8,29,0.2469,0.0513,0.0002,0.2767,0.0026,0.0225,17
8,30,0.3075,0.0681,0.0001,0.1198,0.0004,0.0106,6
8,31,0.2352,0.0535,0.0004,0.2129,0.0001,0.0317,15
9,0,0.1242,0.0478,0.3662,0.5528,0.0,0.0189,45
9,1,0.1302,0.0387,0.2157,0.4886,0.0001,0.0381,23
9,2,0.1814,0.0893,0.0961,0.3674,0.0006,0.0109,20
9,3,0.1461,0.0586,0.2056,0.4449,0.0,0.0125,34
9,4,0.1159,0.0863,0.6109,0.6232,0.0003,0.0123,37
9,5,0.1032,0.0485,0.5945,0.6391,0.0,0.0092,68
9,6,0.0953,0.0421,0.6354,0.6725,0.0,0.0144,80
9,7,0.1155,0.0501,0.499,0.5597,0.0,0.0128,46
9,8,0.2975,0.0433,0.0,0.1269,0.0017,0.033,10
9,9,0.083,0.0385,0.783,0.7348,0.0,0.0067,101
9,10,0.3486,0.0846,0.0,0.1062,0.003,0.0354,7
9,11,0.1356,0.0482,0.2422,0.4643,0.0,0.0147,14
9,12,0.1479,0.0495,0.1485,0.4042,0.0,0.0368,28
9,13,0.25,0.0782,0.0077,0.194,0.001,0.0166,11
9,14,0.1364,0.0398,0.1724,0.4584,0.0,0.0133,22
9,15,0.1934,0.0711,0.0431,0.308,0.0006,0.0076,19
9,16,0.2024,0.0701,0.0589,0.3103,0.0,0.022,26
9,17,0.2683,0.0705,0.0034,0.2479,0.0025,0.0266,8
9,18,0.4486,0.051,0.0,0.0478,0.007,0.0178,4
9,19,0.1901,0.0732,0.0854,0.3497,0.0004,0.0359,21
9,20,0.2337,0.0602,0.0052,0.2347,0.0003,0.0096,17
9,21,0.2654,0.0763,0.0059,0.1778,0.0012,0.0365,9
9,22,0.1446,0.0332,0.0676,0.4516,0.0002,0.0322,31
9,23,0.4412,0.1221,0.0009,0.076,0.0188,0.0301,4
9,24,0.2396,0.0894,0.0124,0.2496,0.0012,0.0173,12
9,25,0.1662,0.1247,0.3997,0.4796,0.001,0.0037,13
9,26,0.1709,0.064,0.1167,0.3947,0.0002,0.0119,21
9,27,0.2343,0.0457,0.0016,0.2887,0.0008,0.0201,22
9,28,0.1365,0.0587,0.2796,0.4879,0.0007,0.0166,41
9,29,0.1356,0.0574,0.2906,0.5558,0.001,0.0184,48
9,30,0.1582,0.1025,0.3515,0.5155,0.0013,0.0136,36
9,31,0.188,0.0707,0.0907,0.3704,0.0002,0.0184,22
10,0,0.1077,0.0785,0.6342,0.666,0.0001,0.023,59
10,1,0.1517,0.0689,0.2461,0.3902,0.0,0.0223,16
10,2,0.2716,0.0429,0.0001,0.0701,0.0015,0.0621,4
10,3,0.078,0.0367,0.808,0.7655,0.0,0.0117,107
10,4,0.1231,0.0608,0.4104,0.5139,0.0,0.0352,34
10,5,0.1123,0.0363,0.4298,0.5614,0.0,0.0205,45
10,6,0.1525,0.0567,0.1607,0.3855,0.0001,0.0513,27
10,7,0.1444,0.0594,0.2285,0.4009,0.0,0.0155,10
10,8,0.1419,0.084,0.3901,0.4572,0.0004,0.0337,15
10,9,0.1271,0.0668,0.4446,0.528,0.0,0.0165,32
10,10,0.0922,0.0418,0.6689,0.6927,0.0,0.0134,75
10,11,0.1407,0.0472,0.1814,0.409,0.0,0.0342,23
10,12,0.1354,0.0653,0.3584,0.468,0.0,0.0176,25
10,13,0.1332,0.0572,0.3518,0.4955,0.0002,0.0376,32
10,14,0.1902,0.0614,0.059,0.2734,0.0002,0.0556,12
10,15,0.1589,0.0529,0.1201,0.3623,0.0,0.0333,24
10,16,0.143,0.0487,0.1866,0.4769,0.0003,0.0124,36
10,17,0.2081,0.0853,0.0621,0.3119,0.0018,0.0119,14
10,18,0.0803,0.0281,0.8211,0.7537,0.0,0.0167,97
10,19,0.1304,0.0544,0.2503,0.5506,0.0002,0.0099,56
10,20,0.3097,0.0566,0.0,0.0682,0.0,0.0149,2
10,21,0.1638,0.0349,0.0476,0.4699,0.0002,0.0136,47
10,22,0.1624,0.0556,0.0956,0.428,0.0003,0.0222,39
10,23,0.0509,0.016,0.987,0.8966,0.0,0.0178,124
10,24,0.1196,0.0678,0.4862,0.5547,0.0004,0.0174,42
10,25,0.1055,0.0458,0.5786,0.6128,0.0001,0.0219,54
10,26,0.1046,0.0232,0.4788,0.6244,0.0006,0.0098,75
10,27,0.0862,0.0424,0.7501,0.7218,0.0,0.0192,88
10,28,0.1339,0.0356,0.1275,0.524,0.0002,0.0276,54
10,29,0.1083,0.0298,0.449,0.5825,0.0,0.0214,47
10,30,0.2124,0.0915,0.1069,0.393,0.0035,0.0164,33
10,31,0.1307,0.0343,0.1812,0.4737,0.0,0.0117,31
11,0,0.0489,0.0159,0.9907,0.8779,0.0,0.0075,113
11,1,0.0386,0.0205,0.9813,0.9072,0.0,0.0059,119
11,2,0.0867,0.0221,0.7677,0.6976,0.0,0.0086,84
11,3,0.0578,0.0289,0.9148,0.8547,0.0,0.0107,120
11,4,0.1142,0.056,0.5096,0.5553,0.0,0.0338,49
11,5,0.0436,0.0103,0.9986,0.8658,0.0,0.0048,112
11,6,0.0381,0.0121,0.9967,0.9271,0.0,0.0081,125
11,7,0.0439,0.0156,0.9921,0.9121,0.0,0.0101,118
11,8,0.0662,0.0155,0.9778,0.7971,0.0,0.0082,99
11,9,0.1386,0.0625,0.3158,0.4408,0.0,0.017,25
11,10,0.0371,0.0129,0.9969,0.9255,0.0,0.0053,121
11,11,0.0773,0.0319,0.8423,0.7554,0.0001,0.0049,97
11,12,0.05,0.0153,0.9935,0.8853,0.0,0.0115,116
11,13,0.0538,0.0225,0.9538,0.8934,0.0,0.0101,122
11,14,0.0837,0.0602,0.7685,0.7533,0.0,0.0101,93
11,15,0.0405,0.0094,0.9968,0.9406,0.0009,0.0116,125
11,16,0.1124,0.0365,0.4215,0.5413,0.0,0.0133,45
11,17,0.0428,0.0171,0.9898,0.9137,0.0,0.0088,121
11,18,0.1122,0.0359,0.4053,0.5679,0.0,0.0276,53
11,19,0.0793,0.0232,0.8292,0.7392,0.0,0.0099,91
11,20,0.1413,0.1011,0.3901,0.515,0.0032,0.0137,38
11,21,0.1242,0.0423,0.2969,0.538,0.0,0.0081,51
11,22,0.0542,0.014,0.9916,0.8602,0.0001,0.0107,111
11,23,0.0863,0.0225,0.7472,0.7313,0.0,0.0119,90
11,24,0.0896,0.0388,0.6987,0.7082,0.0,0.014,83
11,25,0.0989,0.0309,0.5987,0.6551,0.0001,0.0111,77
11,26,0.0961,0.0336,0.5956,0.6976,0.0002,0.0097,84
11,27,0.2012,0.0728,0.0344,0.3065,0.0007,0.0142,25
11,28,0.0811,0.0264,0.7667,0.7538,0.0001,0.0081,86
11,29,0.147,0.0707,0.3063,0.549,0.0002,0.016,54
11,30,0.121,0.0412,0.3353,0.5712,0.0002,0.013,50
11,31,0.1127,0.0389,0.4269,0.6059,0.0,0.008,67
12,0,0.2008,0.0514,0.0138,0.4205,0.0012,0.0151,37
12,1,0.0951,0.0436,0.6703,0.6902,0.0004,0.0225,73
12,2,0.099,0.0228,0.55,0.7275,0.0005,0.0151,93
12,3,0.1322,0.0515,0.2968,0.4866,0.0,0.0108,39
12,4,0.1249,0.0493,0.3461,0.518,0.0,0.0079,44
12,5,0.1138,0.0377,0.4086,0.5629,0.0001,0.0178,51
12,6,0.1279,0.0744,0.4687,0.5935,0.001,0.0314,45
12,7,0.1103,0.038,0.4484,0.6301,0.0,0.0249,73
12,8,0.1687,0.0621,0.1627,0.4547,0.0003,0.012,37
12,9,0.1231,0.0315,0.2362,0.5455,0.0,0.0135,56
12,10,0.1423,0.0248,0.0521,0.559,0.0009,0.0093,65
12,11,0.482,0.0403,0.0,0.0212,0.0141,0.1107,0
12,12,0.112,0.0241,0.3156,0.5997,0.0001,0.0179,63
12,13,0.1508,0.0675,0.2469,0.4289,0.0001,0.0257,26
12,14,0.2314,0.057,0.0151,0.3607,0.0015,0.033,34
12,15,0.1912,0.115,0.2325,0.3762,0.0005,0.0159,14
12,16,0.2068,0.0867,0.0319,0.2033,0.0001,0.0303,5
12,17,0.3058,0.1297,0.0013,0.057,0.0041,0.0754,2
12,18,0.2601,0.0929,0.0024,0.0519,0.0,0.1119,0
12,19,0.1862,0.0853,0.0911,0.227,0.0001,0.0165,1
12,20,0.2012,0.0536,0.0054,0.1116,0.0,0.0221,1
12,21,0.1663,0.082,0.2082,0.2904,0.0,0.0457,5
12,22,0.2516,0.0862,0.0049,0.0624,0.0,0.0967,1
12,23,0.1797,0.0392,0.0186,0.2045,0.0001,0.0842,1
12,24,0.2287,0.0765,0.0169,0.0917,0.0,0.0198,2
12,25,0.1846,0.0576,0.0306,0.2247,0.0001,0.0175,2
12,26,0.1011,0.0396,0.6223,0.6343,0.0001,0.0244,72
12,27,0.2144,0.0695,0.0096,0.1091,0.0,0.03,1
12,28,0.2514,0.0947,0.0223,0.0857,0.0,0.052,1
12,29,0.2686,0.1079,0.0296,0.118,0.0003,0.1242,0
12,30,0.524,0.1091,0.0,0.0042,0.0003,0.1562,0
12,31,0.2188,0.0767,0.0102,0.1293,0.0,0.0164,3
13,0,0.2154,0.1158,0.1348,0.1912,0.0001,0.0718,3
13,1,0.2089,0.0843,0.0432,0.2164,0.0002,0.0717,3
13,2,0.1824,0.0831,0.1254,0.2431,0.0,0.0484,4
13,3,0.1617,0.0656,0.1638,0.3085,0.0004,0.0735,1
13,4,0.199,0.1028,0.1162,0.2066,0.0,0.0475,4
13,5,0.1844,0.0793,0.1157,0.24,0.0,0.0536,5
13,6,0.2785,0.0693,0.0005,0.0456,0.0001,0.0846,1
13,7,0.2617,0.0929,0.0259,0.0967,0.0,0.046,2
13,8,0.2467,0.0552,0.0017,0.0816,0.0,0.1213,0
13,9,0.2545,0.0881,0.0186,0.0862,0.0,0.0466,2
13,10,0.4803,0.099,0.0,0.0004,0.0032,0.2845,0
13,11,0.1566,0.0542,0.1391,0.3281,0.0,0.0445,7
13,12,0.2197,0.0591,0.0034,0.1095,0.0001,0.0667,2
13,13,0.1705,0.0459,0.0146,0.1864,0.0,0.0482,3
13,14,0.3226,0.0992,0.0072,0.0529,0.0,0.0706,1
13,15,0.1455,0.0736,0.2997,0.4025,0.0,0.0388,13
13,16,0.2677,0.0706,0.0087,0.0847,0.0,0.0948,1
13,17,0.1105,0.074,0.6358,0.6351,0.0005,0.0386,50
13,18,0.2723,0.1151,0.0458,0.0938,0.0001,0.0893,1
13,19,0.4283,0.0946,0.0,0.001,0.0,0.3561,0
13,20,0.2635,0.1054,0.0496,0.0984,0.0,0.1071,0
13,21,0.1946,0.0664,0.0705,0.2589,0.0002,0.0779,9
13,22,0.2939,0.1133,0.0235,0.0722,0.0001,0.1232,0
13,23,0.2223,0.0832,0.0316,0.1638,0.0001,0.073,5
13,24,0.1905,0.0861,0.1424,0.2608,0.0,0.059,4
13,25,0.2111,0.0932,0.0871,0.1532,0.0,0.1344,0
13,26,0.2436,0.0969,0.0647,0.1426,0.0,0.1032,0
13,27,0.337,0.1009,0.0024,0.0516,0.0004,0.1654,0
13,28,0.2328,0.134,0.097,0.1644,0.0004,0.1157,0
13,29,0.2293,0.0951,0.0664,0.1526,0.0001,0.1221,0
13,30,0.1866,0.0991,0.2065,0.2659,0.0,0.1107,0
13,31,0.237,0.0921,0.0325,0.0946,0.0,0.0989,1
14,0,0.2199,0.1257,0.0617,0.2881,0.0033,0.0323,8
14,1,0.1292,0.0577,0.3326,0.4911,0.0,0.0436,25
14,2,0.4619,0.0574,0.0,0.0151,0.0034,0.0774,1
14,3,0.165,0.064,0.1311,0.3055,0.0,0.0398,7
14,4,0.219,0.1157,0.0887,0.251,0.0004,0.0355,7
14,5,0.2105,0.0565,0.0008,0.2184,0.0004,0.0347,11
14,6,0.213,0.0739,0.0512,0.2442,0.0001,0.0395,10
14,7,0.2126,0.1487,0.2364,0.3146,0.0002,0.0401,3
14,8,0.162,0.0532,0.0882,0.332,0.0,0.0269,16
14,9,0.2328,0.0788,0.0056,0.1532,0.0001,0.0672,3
14,10,0.3053,0.0695,0.0003,0.1556,0.0014,0.0452,7
14,11,0.2385,0.0638,0.0081,0.1846,0.0001,0.037,8
14,12,0.2185,0.0773,0.0222,0.1969,0.0001,0.0306,7
14,13,0.2308,0.1115,0.0518,0.2301,0.0019,0.0406,9
14,14,0.1723,0.0457,0.0302,0.3097,0.0,0.036,14
14,15,0.4199,0.0933,0.0,0.0236,0.0038,0.1568,0
14,16,0.2369,0.0696,0.0115,0.1212,0.0,0.0901,2
14,17,0.1915,0.0559,0.0324,0.281,0.0,0.05,8
14,18,0.227,0.0915,0.0879,0.2405,0.0002,0.0168,6
14,19,0.1758,0.0483,0.0537,0.3537,0.0,0.0143,12
14,20,0.1635,0.0606,0.1377,0.3946,0.0001,0.0208,24
14,21,0.1528,0.0667,0.1962,0.3906,0.0,0.024,15
14,22,0.1564,0.057,0.1396,0.3469,0.0,0.0208,11
14,23,0.1404,0.0493,0.2219,0.4472,0.0,0.0278,27
14,24,0.4311,0.0641,0.0,0.012,0.0049,0.0531,1
14,25,0.208,0.0578,0.0304,0.2983,0.0001,0.0266,12
14,26,0.1869,0.1118,0.2267,0.3293,0.0,0.052,5
14,27,0.1749,0.0772,0.1639,0.3304,0.0,0.0172,10
14,28,0.154,0.0361,0.036,0.4743,0.0001,0.0277,49
14,29,0.1513,0.0678,0.236,0.4098,0.0,0.0223,24
14,30,0.1584,0.0731,0.2438,0.3775,0.0,0.0327,8
14,31,0.1837,0.0773,0.1159,0.2802,0.0,0.0536,12
15,0,0.0427,0.0125,0.9987,0.9206,0.0,0.0071,125
15,1,0.0503,0.0108,0.9991,0.8933,0.0006,0.0127,119
15,2,0.0978,0.065,0.6645,0.6562,0.0,0.0272,76
15,3,0.0266,0.0065,1.0,0.9647,0.0,0.0083,127
15,4,0.0319,0.0072,1.0,0.9511,0.0,0.0105,123
15,5,0.0326,0.0093,1.0,0.9436,0.0,0.0059,122
15,6,0.056,0.0186,0.9694,0.8539,0.0,0.0101,110
15,7,0.061,0.0212,0.9494,0.8387,0.0,0.0137,114
15,8,0.1227,0.0522,0.3692,0.4867,0.0,0.0094,46
15,9,0.0237,0.0067,1.0,0.9738,0.0,0.0028,127
15,10,0.1487,0.0863,0.3107,0.3831,0.0,0.043,6
15,11,0.0399,0.01,0.9999,0.9191,0.0,0.007,122
15,12,0.0442,0.0127,0.9963,0.9134,0.0,0.0077,121
15,13,0.1332,0.0478,0.2496,0.4474,0.0,0.0183,39
15,14,0.0317,0.0086,0.9999,0.954,0.0,0.0092,126
15,15,0.1341,0.0795,0.3915,0.4666,0.0,0.0104,27
15,16,0.0989,0.0643,0.6312,0.6407,0.0,0.0515,69
15,17,0.1458,0.0525,0.1954,0.3538,0.0,0.0184,15
15,18,0.0821,0.0456,0.7139,0.7199,0.0,0.0108,84
15,19,0.0612,0.024,0.9376,0.8459,0.0,0.0201,116
15,20,0.1902,0.0694,0.0473,0.1385,0.0,0.0303,2
15,21,0.0642,0.0379,0.8598,0.8229,0.0,0.0276,117
15,22,0.0339,0.0139,0.9988,0.9427,0.0,0.0085,124
15,23,0.0897,0.0601,0.6608,0.6713,0.0,0.0501,94
15,24,0.1006,0.0353,0.5385,0.6199,0.0,0.0125,66
15,25,0.0887,0.0533,0.6847,0.6827,0.0,0.0126,86
15,26,0.1251,0.0873,0.4855,0.519,0.0,0.0676,13
15,27,0.2143,0.1075,0.1416,0.2216,0.0,0.1119,0
15,28,0.0825,0.0528,0.725,0.7195,0.0,0.0089,96
15,29,0.0289,0.0068,1.0,0.9566,0.0,0.0077,124
15,30,0.1436,0.0505,0.1916,0.3866,0.0,0.0275,21
15,31,0.1222,0.0549,0.383,0.5516,0.0,0.0197,48
16,0,0.1741,0.0786,0.1396,0.3265,0.0,0.0474,16
16,1,0.2155,0.0794,0.0421,0.2375,0.0001,0.0616,6
16,2,0.2248,0.0658,0.013,0.1566,0.0,0.0547,2
16,3,0.2326,0.0837,0.0167,0.126,0.0,0.0473,1
16,4,0.2508,0.08,0.0088,0.1265,0.0,0.0547,4
16,5,0.1674,0.0695,0.1728,0.3431,0.0001,0.0592,17
16,6,0.2014,0.0491,0.0177,0.2477,0.0,0.037,18
16,7,0.5184,0.0424,0.0,0.0011,0.0055,0.2811,0
16,8,0.1812,0.1045,0.2076,0.3462,0.0004,0.0115,11
16,9,0.1917,0.1394,0.2553,0.3588,0.0007,0.0841,3
16,10,0.2297,0.0619,0.0001,0.2096,0.0004,0.0317,11
16,11,0.1728,0.0674,0.1237,0.3222,0.0,0.0431,13
16,12,0.1889,0.1132,0.2128,0.3343,0.0001,0.0452,7
16,13,0.1715,0.0765,0.1478,0.3193,0.0001,0.0565,6
16,14,0.2224,0.0664,0.018,0.2328,0.0001,0.0327,8
16,15,0.1308,0.0591,0.3489,0.4978,0.0,0.0214,30
16,16,0.4762,0.0663,0.0,0.0016,0.003,0.2967,0
16,17,0.3341,0.0653,0.0,0.1141,0.001,0.0719,2
16,18,0.2569,0.0623,0.0011,0.0546,0.0,0.1465,0
16,19,0.23,0.0465,0.0005,0.1603,0.0,0.062,5
16,20,0.2433,0.074,0.0135,0.0903,0.0,0.1613,0
16,21,0.4273,0.0777,0.0,0.0148,0.0009,0.0574,1
16,22,0.2855,0.0741,0.0081,0.0857,0.0,0.1329,0
16,23,0.3218,0.083,0.0002,0.0289,0.0,0.1741,0
16,24,0.1721,0.0786,0.13,0.3048,0.0,0.048,4
16,25,0.2457,0.0875,0.0329,0.1289,0.0,0.112,0
16,26,0.3783,0.0834,0.0,0.0356,0.0003,0.1677,0
16,27,0.2665,0.0835,0.0026,0.0908,0.0,0.1434,0
16,28,0.2703,0.0771,0.0107,0.1084,0.0,0.0996,1
16,29,0.2478,0.1022,0.0291,0.0935,0.0,0.1715,0
16,30,0.3144,0.1023,0.0106,0.0446,0.0,0.1944,0
16,31,0.2628,0.0544,0.0058,0.1559,0.0001,0.0153,6
17,0,0.2999,0.0543,0.0,0.0015,0.0004,0.2188,0
17,1,0.1918,0.0732,0.0634,0.152,0.0,0.0619,2
17,2,0.1897,0.0868,0.125,0.1978,0.0,0.0903,1
17,3,0.1888,0.0779,0.1077,0.1967,0.0,0.0638,2
17,4,0.4047,0.1106,0.0,0.0048,0.0003,0.2355,0
17,5,0.2025,0.0676,0.0309,0.1301,0.0,0.093,2
17,6,0.1869,0.0862,0.1143,0.1963,0.0,0.064,1
17,7,0.1865,0.0559,0.0327,0.1775,0.0,0.0519,3
17,8,0.2792,0.0646,0.0002,0.0562,0.0,0.09,1
17,9,0.1626,0.0557,0.112,0.3149,0.0001,0.0571,6
17,10,0.2221,0.0865,0.0481,0.2233,0.0,0.0235,6
17,11,0.2306,0.0853,0.0374,0.1311,0.0,0.0833,1
17,12,0.2197,0.0913,0.0653,0.158,0.0,0.076,2
17,13,0.1641,0.0716,0.1536,0.2827,0.0,0.0429,2
17,14,0.2465,0.0646,0.0023,0.0786,0.0,0.0827,1
17,15,0.2387,0.0912,0.0309,0.0856,0.0,0.093,1
17,16,0.213,0.0895,0.0426,0.1408,0.0,0.1138,0
17,17,0.217,0.0824,0.0525,0.1656,0.0,0.0616,3
17,18,0.1165,0.0354,0.3337,0.5809,0.0,0.0174,74
17,19,0.222,0.0533,0.0014,0.1144,0.0,0.0924,1
17,20,0.1944,0.0583,0.0266,0.2053,0.0,0.0582,7
17,21,0.225,0.0746,0.0168,0.1226,0.0,0.0465,1
17,22,0.1982,0.0908,0.1069,0.2166,0.0,0.061,3
17,23,0.1825,0.0812,0.1374,0.2739,0.0,0.061,7
17,24,0.2038,0.1055,0.1397,0.2453,0.0002,0.0432,5
17,25,0.1955,0.0732,0.0673,0.1738,0.0,0.0918,2
17,26,0.1893,0.0999,0.1635,0.262,0.0,0.0715,2
17,27,0.2897,0.0761,0.0021,0.0628,0.0001,0.0357,1
17,28,0.148,0.0397,0.0994,0.3726,0.0,0.0333,30
17,29,0.1928,0.0885,0.1227,0.2344,0.0,0.0695,4
17,30,0.3735,0.0803,0.0,0.0018,0.0003,0.2772,0
17,31,0.2167,0.0962,0.0901,0.1878,0.0002,0.0687,3
18,0,0.2854,0.0684,0.0114,0.103,0.0,0.0718,1
18,1,0.3427,0.0544,0.0003,0.0169,0.0001,0.2069,0
18,2,0.2189,0.0647,0.0251,0.0987,0.0,0.1377,0
18,3,0.1896,0.0727,0.0896,0.1908,0.0,0.1049,0
18,4,0.1831,0.1025,0.2287,0.2917,0.0,0.113,0
18,5,0.2106,0.0704,0.043,0.1319,0.0,0.0765,2
18,6,0.1904,0.0713,0.0918,0.2497,0.0,0.0688,4
18,7,0.1632,0.0609,0.109,0.2753,0.0,0.0909,3
18,8,0.2731,0.0773,0.0249,0.0824,0.0,0.1274,0
18,9,0.2181,0.0742,0.0365,0.1125,0.0,0.1216,0
18,10,0.3596,0.0761,0.0008,0.0267,0.0,0.1315,0
18,11,0.2155,0.0514,0.0187,0.2062,0.0,0.0077,7
18,12,0.3809,0.0849,0.0035,0.0406,0.0005,0.169,0
18,13,0.2133,0.0917,0.0814,0.1618,0.0,0.1309,0
18,14,0.2785,0.0735,0.0088,0.1101,0.0006,0.1229,0
18,15,0.2083,0.0778,0.0717,0.1751,0.0,0.083,1
18,16,0.1625,0.0545,0.0995,0.2936,0.0,0.0348,6
18,17,0.2133,0.0646,0.0039,0.1471,0.0001,0.018,7
18,18,0.2292,0.0768,0.023,0.1587,0.0002,0.0705,6
18,19,0.3411,0.1082,0.0,0.0378,0.0017,0.0681,1
18,20,0.2012,0.1109,0.152,0.2664,0.0001,0.0403,6
18,21,0.2595,0.0532,0.0011,0.1316,0.0,0.0389,10
18,22,0.3118,0.1228,0.0132,0.1052,0.0027,0.0706,3
18,23,0.1867,0.1065,0.1611,0.2876,0.0,0.0353,9
18,24,0.1174,0.0282,0.2843,0.5532,0.0003,0.0148,43
18,25,0.1647,0.1036,0.2905,0.3967,0.0002,0.0288,9
18,26,0.179,0.0283,0.0053,0.4323,0.0,0.0157,44
18,27,0.1849,0.0548,0.0396,0.2927,0.0002,0.0467,17
18,28,0.1892,0.1066,0.1389,0.3154,0.0005,0.0587,13
18,29,0.3683,0.0457,0.0,0.0079,0.0,0.0755,1
18,30,0.1845,0.0766,0.0996,0.2367,0.0,0.0607,5
18,31,0.1612,0.0704,0.135,0.3724,0.0005,0.0242,17
19,0,0.1455,0.0499,0.1781,0.4239,0.0001,0.0422,35
19,1,0.2322,0.0837,0.0327,0.1636,0.0,0.05,5
19,2,0.1194,0.0338,0.2914,0.5001,0.0,0.0319,48
19,3,0.192,0.1055,0.1379,0.2264,0.0007,0.0652,1
19,4,0.2514,0.078,0.0118,0.0932,0.0,0.0942,2
19,5,0.1973,0.055,0.0107,0.2501,0.0,0.0371,12
19,6,0.0649,0.0107,0.9971,0.8139,0.0,0.0106,106
19,7,0.2441,0.028,0.0,0.0267,0.0,0.0845,1
19,8,0.1214,0.0218,0.1603,0.56,0.0002,0.038,63
19,9,0.1436,0.0476,0.1658,0.4215,0.0,0.0327,34
19,10,0.1811,0.0713,0.0987,0.2466,0.0,0.0408,10
19,11,0.2167,0.0626,0.0183,0.1823,0.0,0.0443,10
19,12,0.1842,0.0894,0.1511,0.2554,0.0,0.0541,7
19,13,0.1498,0.0471,0.1058,0.4111,0.0,0.0335,34
19,14,0.1279,0.0272,0.1316,0.4977,0.0,0.0255,50
19,15,0.2889,0.0866,0.0001,0.0629,0.0001,0.0233,3
19,16,0.2439,0.0697,0.0066,0.0469,0.0,0.1642,0
19,17,0.2559,0.0673,0.0155,0.0443,0.0,0.1756,0
19,18,0.2388,0.0819,0.0302,0.0902,0.0,0.1077,0
19,19,0.452,0.0924,0.0,0.0032,0.0,0.2291,0
19,20,0.3136,0.0822,0.0115,0.0425,0.0,0.1626,0
19,21,0.2885,0.0719,0.0109,0.0346,0.0,0.1864,0
19,22,0.3717,0.0765,0.0,0.0055,0.0,0.2406,0
19,23,0.2465,0.0616,0.0127,0.0473,0.0,0.0821,1
19,24,0.3662,0.0927,0.0023,0.0156,0.0,0.1916,0
19,25,0.2302,0.0793,0.0188,0.1209,0.0,0.1382,0
19,26,0.2599,0.0705,0.0106,0.0615,0.0,0.1504,0
19,27,0.4076,0.0919,0.0021,0.0091,0.0,0.1939,0
19,28,0.2337,0.0732,0.0186,0.0884,0.0,0.1249,0
19,29,0.2287,0.0773,0.0285,0.0883,0.0,0.1403,0
19,30,0.3836,0.1001,0.0012,0.0355,0.0003,0.0866,1
19,31,0.261,0.0866,0.0216,0.076,0.0,0.1805,0
20,0,0.2682,0.0855,0.0077,0.0865,0.0,0.0384,1
20,1,0.287,0.0684,0.0015,0.0437,0.0,0.0642,1
20,2,0.2438,0.0584,0.0085,0.0841,0.0,0.0987,1
20,3,0.232,0.0626,0.0069,0.0667,0.0,0.1386,0
20,4,0.2473,0.0802,0.0233,0.0885,0.0,0.0159,2
20,5,0.2315,0.0968,0.0337,0.118,0.0,0.0605,2
20,6,0.2624,0.079,0.001,0.0553,0.0,0.0889,1
20,7,0.3161,0.094,0.0024,0.0444,0.0,0.1194,0
20,8,0.2309,0.0551,0.001,0.1277,0.0,0.0589,1
20,9,0.2631,0.0766,0.0021,0.0603,0.0,0.03,1
20,10,0.4038,0.0794,0.0,0.0005,0.0001,0.265,0
20,11,0.2485,0.1076,0.064,0.1229,0.0,0.0694,1
20,12,0.2683,0.0693,0.0019,0.047,0.0,0.1002,0
20,13,0.3786,0.0682,0.0,0.0054,0.0,0.1462,0
20,14,0.189,0.0362,0.0031,0.2015,0.0,0.0477,3
20,15,0.3529,0.0835,0.0,0.0193,0.0,0.1355,0
20,16,0.3149,0.0635,0.0,0.0486,0.0001,0.0834,2
20,17,0.3057,0.065,0.001,0.0436,0.0,0.1178,0
20,18,0.3405,0.0701,0.0,0.0476,0.0,0.0643,1
20,19,0.2442,0.0758,0.0043,0.1035,0.0,0.0381,2
20,20,0.3324,0.0536,0.0,0.0117,0.0,0.1904,0
20,21,0.3431,0.075,0.0,0.0514,0.0,0.0873,1
20,22,0.3083,0.0595,0.0001,0.0966,0.0001,0.049,1
20,23,0.312,0.0572,0.0,0.048,0.0,0.1048,0
20,24,0.2214,0.0738,0.0087,0.1184,0.0,0.0882,1
20,25,0.3384,0.0703,0.0,0.0495,0.0001,0.0583,1
20,26,0.2459,0.0719,0.0045,0.102,0.0,0.0873,1
20,27,0.2951,0.0735,0.0005,0.0471,0.0,0.109,0
20,28,0.2337,0.0907,0.0092,0.109,0.0,0.1042,0
20,29,0.3066,0.0769,0.0002,0.0412,0.0,0.139,0
20,30,0.4518,0.069,0.0,0.0207,0.0008,0.0858,1
20,31,0.3593,0.0778,0.0,0.0406,0.0001,0.0693,1
21,0,0.3505,0.0681,0.0,0.0353,0.0,0.0888,2
21,1,0.2772,0.0607,0.0014,0.08,0.0,0.0578,1
21,2,0.2507,0.0778,0.0041,0.1052,0.0001,0.0584,3
21,3,0.269,0.0608,0.0067,0.0733,0.0,0.0506,3
21,4,0.2448,0.0902,0.0062,0.1442,0.0,0.0619,2
21,5,0.2439,0.0628,0.0016,0.1104,0.0,0.0482,4
21,6,0.2112,0.1097,0.0605,0.2275,0.0,0.0656,3
21,7,0.257,0.0519,0.0007,0.1239,0.0,0.0727,3
21,8,0.2,0.0817,0.0538,0.2,0.0,0.0501,6
21,9,0.2185,0.0679,0.0113,0.1383,0.0,0.0494,2
21,10,0.3857,0.042,0.0,0.0035,0.0001,0.1416,0
21,11,0.2443,0.066,0.0041,0.093,0.0,0.0817,2
21,12,0.2813,0.0544,0.0,0.1057,0.0001,0.0494,4
21,13,0.1829,0.0398,0.0211,0.2834,0.0,0.0406,16
21,14,0.3621,0.0777,0.0,0.0185,0.0001,0.1489,0
21,15,0.2245,0.0976,0.0218,0.161,0.0001,0.0599,3
21,16,0.2493,0.0949,0.0052,0.0877,0.0,0.085,2
21,17,0.2296,0.0572,0.0033,0.1192,0.0,0.0207,9
21,18,0.2975,0.07,0.0003,0.0807,0.0,0.0735,5
21,19,0.1905,0.0698,0.0671,0.1845,0.0,0.0721,5
21,20,0.2056,0.0486,0.0036,0.1345,0.0,0.0851,3
21,21,0.2354,0.0665,0.0073,0.0825,0.0,0.0924,1
21,22,0.2136,0.0707,0.0084,0.1381,0.0,0.0331,10
21,23,0.2877,0.0718,0.0011,0.0685,0.0006,0.1029,0
21,24,0.2014,0.0615,0.0094,0.1234,0.0,0.0652,2
21,25,0.2557,0.0543,0.0005,0.0726,0.0,0.0759,3
21,26,0.2259,0.0506,0.0044,0.1141,0.0,0.0386,9
21,27,0.3032,0.0581,0.0,0.1055,0.0,0.0169,11
21,28,0.3006,0.0894,0.0,0.0616,0.0,0.0524,3
21,29,0.3224,0.0483,0.0,0.0895,0.0,0.0261,10
21,30,0.392,0.0535,0.0,0.0031,0.0001,0.194,0
21,31,0.2365,0.0645,0.0013,0.0473,0.0,0.0985,1
22,0,0.1953,0.0538,0.0285,0.1579,0.0,0.0401,7
22,1,0.2894,0.0453,0.0,0.0003,0.0,0.2119,0
22,2,0.168,0.0503,0.0813,0.2506,0.0,0.0252,3
22,3,0.228,0.0603,0.0036,0.0825,0.0,0.0933,1
22,4,0.2151,0.0747,0.024,0.1613,0.0003,0.0547,4
22,5,0.1902,0.0904,0.1572,0.2151,0.0,0.0851,1
22,6,0.3417,0.1096,0.0001,0.0178,0.0001,0.0783,1
22,7,0.1842,0.0486,0.0119,0.1923,0.0,0.0434,7
22,8,0.243,0.0677,0.0104,0.0963,0.0,0.0801,4
22,9,0.2178,0.0437,0.0016,0.1473,0.0,0.0596,4
22,10,0.158,0.0725,0.19,0.2964,0.0,0.0436,15
22,11,0.1977,0.0639,0.0392,0.1416,0.0,0.063,5
22,12,0.1631,0.0526,0.1017,0.2874,0.0,0.0691,5
22,13,0.2152,0.0816,0.0285,0.1413,0.0,0.0523,2
22,14,0.1417,0.0463,0.1831,0.3487,0.0,0.0623,14
22,15,0.1617,0.061,0.1234,0.2565,0.0,0.0325,12
22,16,0.1966,0.0615,0.0421,0.1467,0.0,0.0894,1
22,17,0.1982,0.08,0.0821,0.1674,0.0,0.0725,1
22,18,0.2493,0.0582,0.0026,0.0527,0.0,0.08,1
22,19,0.4074,0.0649,0.0,0.0095,0.0005,0.0876,1
22,20,0.1843,0.0519,0.0399,0.1755,0.0,0.0945,2
22,21,0.3535,0.0764,0.0002,0.0252,0.0,0.0596,1
22,22,0.2107,0.0647,0.0305,0.1085,0.0,0.1167,0
22,23,0.2937,0.0763,0.0089,0.06,0.0,0.0444,1
22,24,0.2438,0.0679,0.0143,0.0708,0.0,0.068,2
22,25,0.2074,0.064,0.0406,0.1189,0.0,0.0683,1
22,26,0.2105,0.0653,0.0347,0.1354,0.0,0.0586,3
22,27,0.2164,0.0625,0.02,0.1112,0.0,0.0652,1
22,28,0.2356,0.0575,0.0208,0.072,0.0,0.133,0
22,29,0.2304,0.0486,0.0151,0.087,0.0,0.1171,0
22,30,0.247,0.0698,0.0174,0.0811,0.0,0.0612,2
22,31,0.2572,0.0728,0.0124,0.1147,0.0002,0.1027,0
23,0,0.3076,0.076,0.006,0.0524,0.0,0.14,0
23,1,0.2712,0.0849,0.0143,0.0713,0.0,0.0912,1
23,2,0.252,0.0674,0.0159,0.1418,0.0,0.0251,4
23,3,0.2393,0.0553,0.0203,0.1108,0.0,0.0141,6
23,4,0.2417,0.0832,0.0305,0.0962,0.0,0.1006,0
23,5,0.1706,0.0428,0.0558,0.2691,0.0,0.0191,23
23,6,0.3775,0.0926,0.0011,0.02,0.0,0.1026,0
23,7,0.2598,0.0605,0.0122,0.1532,0.0,0.0479,5
23,8,0.2626,0.0628,0.0151,0.1437,0.0,0.054,5
23,9,0.1895,0.0445,0.0164,0.1225,0.0,0.0842,3
23,10,0.0722,0.0126,0.9815,0.7684,0.0,0.0147,98
23,11,0.3537,0.0553,0.0019,0.0032,0.0,0.1927,0
23,12,0.1503,0.0427,0.0917,0.3145,0.0,0.0421,17
23,13,0.2834,0.0926,0.0144,0.0498,0.0,0.1799,0
23,14,0.2172,0.0461,0.0182,0.1732,0.0,0.0491,10
23,15,0.265,0.0792,0.0168,0.0785,0.0,0.128,0
23,16,0.0557,0.0133,0.9961,0.8608,0.0,0.011,118
23,17,0.2349,0.093,0.0376,0.1262,0.0,0.0775,3
23,18,0.1698,0.0665,0.0945,0.3411,0.0,0.0355,29
23,19,0.1958,0.0783,0.0519,0.166,0.0,0.0876,1
23,20,0.1913,0.0715,0.0711,0.1586,0.0,0.1007,0
23,21,0.0645,0.0131,0.9862,0.8478,0.0,0.0116,115
23,22,0.1868,0.076,0.0862,0.1882,0.0,0.0491,4
23,23,0.2003,0.076,0.0566,0.1282,0.0,0.0678,2
23,24,0.2341,0.071,0.0263,0.0851,0.0,0.0933,1
23,25,0.0449,0.0117,0.9984,0.9103,0.0,0.0111,121
23,26,0.1588,0.0784,0.25,0.3115,0.0,0.072,3
23,27,0.1347,0.0555,0.2791,0.405,0.0,0.035,29
23,28,0.3666,0.0852,0.0036,0.0144,0.0,0.1112,0
23,29,0.2452,0.0998,0.0349,0.104,0.0,0.0822,1
23,30,0.2268,0.0883,0.0466,0.1705,0.0,0.0607,5
23,31,0.1986,0.0886,0.0942,0.2054,0.0,0.0772,2
24,0,0.2181,0.0672,0.011,0.0821,0.0,0.0598,2
24,1,0.6371,0.0779,0.0,0.0,0.0035,0.4687,0
24,2,0.225,0.0656,0.0083,0.0788,0.0,0.1024,0
24,3,0.2188,0.0462,0.0034,0.1153,0.0,0.0341,3
24,4,0.1795,0.0618,0.0396,0.1964,0.0,0.0882,1
24,5,0.1575,0.0376,0.0419,0.3485,0.0,0.0219,20
24,6,0.2408,0.0985,0.0505,0.1009,0.0,0.1084,0
24,7,0.1848,0.0384,0.0123,0.2541,0.0,0.0561,14
24,8,0.1689,0.0454,0.0304,0.2399,0.0,0.0434,10
24,9,0.1551,0.0384,0.0783,0.3028,0.0,0.0723,8
24,10,0.2865,0.0975,0.0096,0.0641,0.0,0.0602,1
24,11,0.1898,0.0415,0.0185,0.1943,0.0,0.0352,8
24,12,0.2183,0.0503,0.0013,0.1175,0.0,0.0349,2
24,13,0.2062,0.0596,0.0087,0.0905,0.0001,0.0559,1
24,14,0.1948,0.0485,0.0208,0.1567,0.0,0.0949,4
24,15,0.2047,0.0679,0.0581,0.1702,0.0,0.0901,2
24,16,0.3087,0.0581,0.0001,0.0107,0.0,0.1747,0
24,17,0.2621,0.0777,0.0073,0.0464,0.0,0.1411,0
24,18,0.221,0.088,0.0593,0.1162,0.0,0.1434,0
24,19,0.5455,0.0773,0.0,0.0,0.0001,0.3948,0
24,20,0.2118,0.0901,0.06,0.128,0.0,0.1317,0
24,21,0.2299,0.053,0.0067,0.0497,0.0,0.1419,0
24,22,0.3089,0.085,0.0009,0.0275,0.0,0.1768,0
24,23,0.2662,0.0806,0.0064,0.0401,0.0,0.1719,0
24,24,0.27,0.0808,0.0033,0.0296,0.0,0.1599,0
24,25,0.2223,0.0684,0.0114,0.0722,0.0,0.1314,0
24,26,0.3167,0.081,0.0003,0.0143,0.0,0.1814,0
24,27,0.2284,0.0801,0.024,0.0799,0.0,0.168,0
24,28,0.2316,0.071,0.0129,0.0792,0.0,0.1331,0
24,29,0.2611,0.0922,0.0091,0.0564,0.0,0.1244,0
24,30,0.3016,0.0897,0.0005,0.034,0.0,0.1794,0
24,31,0.3101,0.0878,0.0012,0.0273,0.0,0.1882,0
25,0,0.1723,0.0501,0.0462,0.2755,0.0,0.0384,12
25,1,0.3635,0.105,0.0001,0.0183,0.0002,0.1491,0
25,2,0.2241,0.0882,0.028,0.1225,0.0,0.0651,3
25,3,0.0998,0.0269,0.5462,0.6206,0.0,0.0345,71
25,4,0.2043,0.0478,0.0101,0.1635,0.0,0.0666,6
25,5,0.2689,0.0679,0.0063,0.0744,0.0,0.0627,3
25,6,0.2296,0.0545,0.0028,0.1317,0.0,0.0413,7
25,7,0.2205,0.0666,0.0123,0.107,0.0,0.0703,3
25,8,0.1788,0.0652,0.095,0.2554,0.0,0.0131,12
25,9,0.1939,0.1093,0.1341,0.2362,0.0001,0.089,1
25,10,0.2431,0.0524,0.0017,0.0488,0.0,0.088,1
25,11,0.1677,0.0829,0.2288,0.3144,0.0,0.0763,5
25,12,0.3542,0.0502,0.0,0.0001,0.0,0.2242,0
25,13,0.282,0.0843,0.003,0.0524,0.0,0.1106,0
25,14,0.3395,0.0754,0.0003,0.0517,0.0,0.082,3
25,15,0.1999,0.0628,0.0324,0.1448,0.0,0.0678,3
25,16,0.2158,0.0882,0.0464,0.097,0.0,0.1603,0
25,17,0.2523,0.081,0.0178,0.0587,0.0,0.1209,0
25,18,0.2546,0.0987,0.0378,0.0782,0.0,0.1796,0
25,19,0.2572,0.0837,0.0232,0.0502,0.0,0.1827,0
25,20,0.2152,0.1028,0.0893,0.1292,0.0,0.1697,0
25,21,0.3816,0.1186,0.0003,0.0084,0.0001,0.2409,0
25,22,0.2669,0.0894,0.0234,0.0543,0.0,0.1873,0
25,23,0.2432,0.0823,0.0262,0.0621,0.0,0.1788,0
25,24,0.2426,0.0855,0.0219,0.0705,0.0,0.1087,0
25,25,0.2226,0.0868,0.0659,0.116,0.0,0.1506,0
25,26,0.2579,0.0764,0.0158,0.046,0.0,0.1236,0
25,27,0.1741,0.0536,0.0718,0.1692,0.0,0.1204,0
25,28,0.3409,0.066,0.0,0.0004,0.0,0.2714,0
25,29,0.1801,0.0744,0.1283,0.1964,0.0,0.1311,0
25,30,0.2075,0.0671,0.038,0.1109,0.0,0.1359,0
25,31,0.2069,0.069,0.0261,0.1075,0.0,0.1057,0
26,0,0.2285,0.0756,0.0224,0.1492,0.0,0.0876,1
26,1,0.2259,0.0622,0.0072,0.0747,0.0,0.1175,0
26,2,0.213,0.0763,0.0409,0.1343,0.0,0.1229,0
26,3,0.2648,0.0719,0.012,0.0559,0.0,0.1583,0
26,4,0.2969,0.0587,0.0004,0.0343,0.0,0.1394,0
26,5,0.4228,0.0642,0.0,0.001,0.0,0.2266,0
26,6,0.3008,0.0935,0.0079,0.0481,0.0,0.1633,0
26,7,0.2805,0.0623,0.0041,0.0363,0.0,0.111,0
26,8,0.2302,0.0748,0.0267,0.1507,0.0,0.0616,1
26,9,0.3244,0.0684,0.0043,0.0254,0.0,0.1609,0
26,10,0.2362,0.0526,0.0079,0.1229,0.0,0.1097,0
26,11,0.298,0.0651,0.0014,0.0494,0.0,0.1257,0
26,12,0.2652,0.07,0.0091,0.0478,0.0,0.1102,0
26,13,0.4071,0.0873,0.0,0.0143,0.0001,0.1656,0
26,14,0.2193,0.0607,0.0294,0.1286,0.0,0.0831,1
26,15,0.2656,0.0701,0.0065,0.0507,0.0,0.1383,0
26,16,0.217,0.076,0.0223,0.1254,0.0,0.0684,2
26,17,0.303,0.0694,0.0001,0.0698,0.0,0.03,4
26,18,0.2845,0.058,0.0,0.0406,0.0,0.1364,0
26,19,0.2735,0.0614,0.001,0.0682,0.0,0.0621,3
26,20,0.2747,0.0585,0.0003,0.0651,0.0,0.0275,2
26,21,0.2611,0.0687,0.0109,0.0816,0.0,0.0641,3
26,22,0.2932,0.0655,0.0011,0.0561,0.0,0.0697,3
26,23,0.3125,0.0645,0.0001,0.0431,0.0,0.1031,0
26,24,0.1959,0.0722,0.0648,0.2508,0.0,0.0493,5
26,25,0.3448,0.0671,0.0007,0.0234,0.0,0.0972,1
26,26,0.3171,0.0874,0.0004,0.0261,0.0,0.0951,1
26,27,0.323,0.0609,0.0,0.0361,0.0,0.0334,2
26,28,0.2469,0.0847,0.0123,0.0916,0.0,0.0744,1
26,29,0.4847,0.0371,0.0,0.0002,0.0004,0.3063,0
26,30,0.2561,0.0784,0.0012,0.0654,0.0,0.0708,3
26,31,0.2436,0.0735,0.0055,0.1099,0.0,0.0629,3
27,0,0.0475,0.0103,0.9999,0.8902,0.0,0.0071,117
27,1,0.2101,0.08,0.0688,0.2048,0.0,0.0457,8
27,2,0.3566,0.0981,0.001,0.0179,0.0,0.0793,2
27,3,0.1723,0.0514,0.0599,0.1741,0.0,0.0665,2
27,4,0.1215,0.0563,0.4141,0.4621,0.0,0.0306,20
27,5,0.1726,0.0716,0.1386,0.2596,0.0,0.047,14
27,6,0.1578,0.0631,0.1678,0.2605,0.0,0.0823,4
27,7,0.1679,0.0825,0.2043,0.2769,0.0,0.071,5
27,8,0.1764,0.0823,0.1925,0.2446,0.0,0.0609,2
27,9,0.1469,0.0548,0.1852,0.2935,0.0,0.0614,4
27,10,0.2026,0.0796,0.0598,0.1383,0.0,0.0689,2
27,11,0.1706,0.0703,0.1558,0.231,0.0,0.043,2
27,12,0.1456,0.0502,0.1882,0.3088,0.0,0.0362,15
27,13,0.1121,0.0355,0.3848,0.5291,0.0,0.0186,48
27,14,0.2072,0.0864,0.0655,0.1429,0.0,0.0533,2
27,15,0.2158,0.0837,0.0576,0.1183,0.0,0.0962,1
27,16,0.2256,0.0686,0.0287,0.0749,0.0,0.0645,1
27,17,0.1519,0.0349,0.0655,0.2428,0.0,0.0467,13
27,18,0.25,0.0881,0.0405,0.0898,0.0,0.1098,0
27,19,0.0897,0.0201,0.6934,0.6715,0.0,0.0203,82
27,20,0.2043,0.078,0.0702,0.133,0.0,0.1246,0
27,21,0.3904,0.1151,0.0011,0.008,0.0,0.1333,0
27,22,0.0695,0.0121,0.9866,0.7871,0.0,0.0132,105
27,23,0.0602,0.0117,0.9941,0.8276,0.0,0.0119,108
27,24,0.0779,0.0129,0.9533,0.7481,0.0,0.0132,99
27,25,0.054,0.0079,1.0,0.9017,0.0,0.0166,120
27,26,0.1569,0.0554,0.1496,0.3411,0.0,0.029,30
27,27,0.0761,0.015,0.9355,0.7658,0.0,0.0146,103
27,28,0.1367,0.0462,0.2351,0.3704,0.0,0.0098,25
27,29,0.2132,0.0869,0.0781,0.143,0.0,0.0975,1
27,30,0.2327,0.0906,0.0666,0.1103,0.0,0.114,0
27,31,0.174,0.0677,0.114,0.2172,0.0,0.0853,2
28,0,0.2267,0.0705,0.0199,0.0878,0.0,0.0614,1
28,1,0.2222,0.068,0.0257,0.0892,0.0,0.0463,1
28,2,0.2561,0.1068,0.041,0.0922,0.0,0.0665,1
28,3,0.2225,0.0615,0.0128,0.1083,0.0,0.0982,1
28,4,0.1615,0.0677,0.1691,0.2716,0.0,0.0849,2
28,5,0.1821,0.0742,0.1029,0.2065,0.0,0.0979,1
28,6,0.2164,0.0647,0.0147,0.0927,0.0,0.0941,1
28,7,0.24,0.0864,0.0129,0.071,0.0,0.1085,0
28,8,0.1984,0.0507,0.0219,0.1237,0.0,0.1047,0
28,9,0.2072,0.0687,0.0429,0.112,0.0,0.114,0
28,10,0.2784,0.0693,0.0002,0.0219,0.0,0.067,1
28,11,0.1991,0.0642,0.0282,0.13,0.0,0.1023,0
28,12,0.5114,0.0718,0.0,0.0001,0.0,0.259,0
28,13,0.2067,0.0693,0.0211,0.1227,0.0,0.0566,2
28,14,0.2376,0.089,0.0392,0.0857,0.0,0.0996,1
28,15,0.1918,0.0761,0.1021,0.1886,0.0,0.1105,0
28,16,0.2016,0.0736,0.0303,0.139,0.0,0.0982,1
28,17,0.3575,0.0503,0.0,0.0023,0.0,0.2256,0
28,18,0.2253,0.0775,0.0034,0.0929,0.0,0.1126,0
28,19,0.2555,0.0578,0.0027,0.0626,0.0,0.1014,0
28,20,0.2247,0.0702,0.0065,0.1071,0.0,0.0976,1
28,21,0.1898,0.0436,0.0057,0.1631,0.0,0.0794,1
28,22,0.2305,0.0649,0.0023,0.1031,0.0,0.0997,1
28,23,0.319,0.0794,0.0,0.0246,0.0,0.1442,0
28,24,0.1769,0.0608,0.0501,0.2138,0.0,0.0961,3
28,25,0.1946,0.0469,0.0179,0.1642,0.0,0.0628,3
28,26,0.2269,0.0755,0.0287,0.1024,0.0,0.1095,0
28,27,0.3105,0.0469,0.0,0.0146,0.0,0.1051,0
28,28,0.1673,0.0465,0.0506,0.26,0.0,0.0722,7
28,29,0.2337,0.0734,0.0041,0.0669,0.0,0.1044,0
28,30,0.2725,0.0835,0.0017,0.0456,0.0,0.1205,0
28,31,0.2956,0.0619,0.0009,0.0283,0.0,0.1375,0
29,0,0.2399,0.0871,0.0173,0.1173,0.0,0.0495,5
29,1,0.2156,0.0763,0.054,0.1486,0.0,0.0699,4
29,2,0.238,0.081,0.0094,0.0826,0.0,0.0645,4
29,3,0.2689,0.0821,0.0092,0.0908,0.0,0.0608,3
29,4,0.2616,0.0794,0.01,0.102,0.0,0.0291,7
29,5,0.4437,0.0529,0.0,0.0004,0.0,0.2232,0
29,6,0.2433,0.0687,0.0107,0.0849,0.0,0.0649,2
29,7,0.3128,0.0869,0.0016,0.052,0.0,0.0573,3
29,8,0.2637,0.0843,0.0036,0.0415,0.0,0.0819,1
29,9,0.2008,0.0696,0.0328,0.1545,0.0,0.0378,5
29,10,0.224,0.0658,0.0144,0.1248,0.0,0.0658,5
29,11,0.3171,0.0832,0.0011,0.0547,0.0,0.0798,3
29,12,0.3057,0.0755,0.0024,0.0573,0.0,0.0885,2
29,13,0.2133,0.0608,0.0079,0.1015,0.0,0.0521,5
29,14,0.2268,0.0776,0.0064,0.1063,0.0,0.0716,3
29,15,0.242,0.0929,0.0246,0.1041,0.0,0.0642,3
29,16,0.3646,0.0797,0.0,0.0244,0.0,0.1127,0
29,17,0.2868,0.0705,0.0013,0.0537,0.0,0.0568,1
29,18,0.2785,0.0872,0.0041,0.0684,0.0,0.1366,0
29,19,0.296,0.0793,0.0017,0.0454,0.0,0.1312,0
29,20,0.3049,0.087,0.0008,0.0604,0.0,0.0835,1
29,21,0.2349,0.0709,0.0033,0.0688,0.0,0.0852,1
29,22,0.3338,0.0404,0.0,0.0212,0.0,0.1343,0
29,23,0.2663,0.0628,0.002,0.054,0.0,0.1105,0
29,24,0.2434,0.0477,0.0019,0.0884,0.0,0.085,2
29,25,0.3102,0.0588,0.0001,0.0478,0.0,0.0521,1
29,26,0.2702,0.0563,0.0011,0.0901,0.0,0.048,5
29,27,0.26,0.0675,0.0011,0.0413,0.0,0.1387,0
29,28,0.2135,0.043,0.008,0.1573,0.0,0.0721,3
29,29,0.3857,0.0413,0.0,0.0114,0.0003,0.0194,1
29,30,0.234,0.0494,0.0004,0.0778,0.0,0.0514,1
29,31,0.2099,0.0815,0.0261,0.1835,0.0,0.0671,2
30,0,0.1589,0.0549,0.1136,0.3047,0.0,0.0763,12
30,1,0.2215,0.0716,0.0105,0.1486,0.0,0.0535,5
30,2,0.4984,0.0357,0.0,0.0002,0.0076,0.3184,0
30,3,0.2406,0.0791,0.008,0.1101,0.0001,0.0652,1
30,4,0.188,0.0527,0.0345,0.2365,0.0,0.0315,16
30,5,0.1618,0.0591,0.1021,0.2872,0.0,0.0375,19
30,6,0.2286,0.1059,0.0506,0.1279,0.0,0.0342,2
30,7,0.1755,0.05,0.0228,0.2458,0.0,0.0432,15
30,8,0.3232,0.0939,0.0017,0.0803,0.0,0.1082,0
30,9,0.1511,0.0655,0.2164,0.3592,0.0,0.0499,23
30,10,0.2025,0.05,0.0086,0.2359,0.0,0.0358,25
30,11,0.1632,0.1003,0.3144,0.3939,0.0,0.0141,10
30,12,0.1694,0.047,0.0175,0.2226,0.0,0.0359,14
30,13,0.1916,0.0485,0.0017,0.2091,0.0,0.0444,8
30,14,0.163,0.0491,0.0629,0.2658,0.0,0.0376,13
30,15,0.1841,0.1072,0.202,0.2907,0.0,0.0614,6
30,16,0.2848,0.063,0.0004,0.1709,0.0,0.0515,14
30,17,0.2234,0.0608,0.0064,0.2407,0.0,0.0535,15
30,18,0.2177,0.0511,0.0063,0.3004,0.0,0.017,37
30,19,0.2935,0.056,0.0001,0.0355,0.0,0.0686,2
30,20,0.174,0.0652,0.0944,0.2202,0.0,0.0199,7
30,21,0.2368,0.0506,0.0042,0.1202,0.0,0.0369,7
30,22,0.265,0.0576,0.0006,0.1272,0.0,0.0332,10
30,23,0.2542,0.0624,0.0025,0.1037,0.0,0.0584,5
30,24,0.2607,0.059,0.0001,0.0624,0.0,0.0873,1
30,25,0.3121,0.0502,0.0,0.1478,0.0,0.0313,17
30,26,0.2185,0.0685,0.022,0.1083,0.0,0.0542,2
30,27,0.4077,0.0352,0.0,0.0001,0.0001,0.2049,0
30,28,0.1941,0.044,0.0192,0.1581,0.0,0.0635,6
30,29,0.2593,0.0591,0.0032,0.1166,0.0,0.0371,9
30,30,0.1908,0.0544,0.0277,0.1753,0.0,0.062,7
30,31,0.1285,0.0473,0.2958,0.4337,0.0,0.0426,38
31,0,0.229,0.0792,0.0313,0.0644,0.0,0.1466,0
31,1,0.191,0.0822,0.1153,0.1932,0.0,0.1094,0
31,2,0.1486,0.0578,0.2141,0.2888,0.0,0.0498,5
31,3,0.152,0.0643,0.2244,0.2848,0.0,0.0227,7
31,4,0.1699,0.0718,0.1621,0.2195,0.0,0.007,5
31,5,0.18,0.0615,0.0904,0.1591,0.0,0.0256,4
31,6,0.1459,0.0653,0.2665,0.3637,0.0,0.0776,23
31,7,0.1697,0.0753,0.1681,0.2636,0.0,0.0664,5
31,8,0.1826,0.0652,0.0653,0.1807,0.0,0.0908,3
31,9,0.1816,0.0717,0.1264,0.1851,0.0,0.0956,2
31,10,0.1901,0.0741,0.0895,0.1745,0.0,0.1032,0
31,11,0.161,0.0567,0.1261,0.2049,0.0,0.016,4
31,12,0.223,0.0848,0.0587,0.1242,0.0,0.0943,2
31,13,0.2382,0.0988,0.0446,0.0987,0.0,0.1503,0
31,14,0.202,0.0614,0.0303,0.0915,0.0,0.0571,4
31,15,0.1632,0.063,0.1538,0.2231,0.0,0.0591,4
31,16,0.1479,0.0587,0.2035,0.2967,0.0,0.0615,6
31,17,0.4371,0.1086,0.0,0.0156,0.0,0.0705,1
31,18,0.2547,0.0974,0.0227,0.103,0.0002,0.0726,2
31,19,0.335,0.1429,0.0135,0.069,0.0,0.0377,2
31,20,0.1621,0.0514,0.077,0.202,0.0,0.0308,3
31,21,0.1699,0.0651,0.1581,0.3296,0.0,0.0311,25
31,22,0.2175,0.0869,0.0559,0.126,0.0,0.093,1
31,23,0.1354,0.0479,0.2387,0.3471,0.0,0.053,19
31,24,0.1334,0.0392,0.1935,0.3661,0.0,0.0288,26
31,25,0.237,0.0729,0.0254,0.0858,0.0,0.0646,2
31,26,0.1952,0.0604,0.0354,0.1246,0.0,0.0233,3
31,27,0.134,0.0378,0.1932,0.4814,0.0,0.0139,50
31,28,0.2288,0.0607,0.0129,0.08,0.0,0.1067,0
31,29,0.1126,0.037,0.4313,0.5089,0.0,0.0237,49
31,30,0.0868,0.0346,0.7595,0.7119,0.0,0.0302,97
31,31,0.2768,0.0898,0.0049,0.0457,0.0,0.1264,0
32,0,0.3096,0.1008,0.0205,0.1327,0.0001,0.0181,6
32,1,0.1627,0.0401,0.0735,0.3961,0.0,0.0143,40
32,2,0.145,0.0323,0.088,0.3912,0.0,0.0188,34
32,3,0.1428,0.0608,0.2764,0.38,0.0,0.0344,20
32,4,0.1172,0.0311,0.296,0.5554,0.0,0.0188,55
32,5,0.1284,0.0512,0.322,0.5288,0.0,0.017,46
32,6,0.1558,0.0419,0.1019,0.3815,0.0,0.0188,32
32,7,0.0849,0.0393,0.733,0.7151,0.0,0.0108,93
32,8,0.3019,0.072,0.0001,0.0681,0.0001,0.0468,1
32,9,0.1136,0.0307,0.3078,0.5743,0.0,0.0204,68
32,10,0.1939,0.0458,0.0363,0.3352,0.0,0.0108,31
32,11,0.1865,0.0687,0.0805,0.2278,0.0,0.073,8
32,12,0.0992,0.0396,0.6314,0.6167,0.0,0.0166,66
32,13,0.2369,0.054,0.0024,0.1434,0.0,0.044,9
32,14,0.1779,0.0538,0.0607,0.2467,0.0,0.0391,15
32,15,0.4247,0.0357,0.0,0.0139,0.0,0.09,1
32,16,0.1907,0.0426,0.0002,0.2803,0.0,0.0414,20
32,17,0.1945,0.0627,0.0295,0.1796,0.0,0.0842,5
32,18,0.2133,0.0502,0.0066,0.1341,0.0,0.0454,2
32,19,0.2677,0.077,0.0063,0.0516,0.0,0.1531,0
32,20,0.223,0.0659,0.0134,0.1173,0.0,0.0896,3
32,21,0.2446,0.0759,0.0153,0.0767,0.0,0.1078,0
32,22,0.2808,0.0864,0.0003,0.0382,0.0,0.0836,1
32,23,0.2656,0.093,0.0006,0.0343,0.0,0.0625,1
32,24,0.2242,0.0502,0.0019,0.1166,0.0,0.0433,7
32,25,0.2625,0.0366,0.0,0.0621,0.0,0.0709,1
32,26,0.2075,0.0722,0.0325,0.142,0.0,0.1111,0
32,27,0.26,0.0747,0.0004,0.0974,0.0,0.1001,0
32,28,0.2163,0.0499,0.0013,0.2512,0.0,0.0319,17
32,29,0.1956,0.0488,0.0141,0.1196,0.0,0.1006,0
32,30,0.2241,0.0569,0.0053,0.1192,0.0,0.0699,3
32,31,0.4121,0.0711,0.0,0.0003,0.0004,0.2807,0
33,0,0.246,0.0579,0.0056,0.0642,0.0,0.0209,3
33,1,0.182,0.0638,0.0725,0.1609,0.0,0.0537,8
33,2,0.35,0.0792,0.0,0.0055,0.0003,0.1266,0
33,3,0.2428,0.0881,0.0155,0.0575,0.0,0.168,0
33,4,0.3171,0.0858,0.0008,0.0137,0.0,0.1198,0
33,5,0.1336,0.0345,0.1488,0.4141,0.0,0.0272,34
33,6,0.0637,0.0092,0.9973,0.8595,0.0,0.0213,118
33,7,0.0748,0.017,0.9328,0.7709,0.0,0.0166,103
33,8,0.248,0.0667,0.0021,0.0571,0.0,0.0277,2
33,9,0.2337,0.0868,0.0508,0.1202,0.0,0.0972,1
33,10,0.0804,0.0182,0.8678,0.7355,0.0,0.021,99
33,11,0.1961,0.039,0.0015,0.2048,0.0001,0.0396,11
33,12,0.5385,0.0609,0.0,0.0,0.0003,0.3795,0
33,13,0.253,0.0851,0.0077,0.0731,0.0,0.0778,2
33,14,0.2503,0.0916,0.01,0.0611,0.0,0.0597,1
33,15,0.2198,0.0916,0.0516,0.1356,0.0,0.0521,3
33,16,0.2075,0.0886,0.0472,0.2318,0.0,0.0587,12
33,17,0.2561,0.0781,0.0108,0.0756,0.0,0.1204,0
33,18,0.2491,0.1105,0.0166,0.1253,0.0,0.0759,4
33,19,0.1411,0.0587,0.2414,0.3658,0.0,0.0292,21
33,20,0.1848,0.0854,0.0618,0.2207,0.0,0.0463,12
33,21,0.1584,0.0787,0.2133,0.3512,0.0,0.0589,11
33,22,0.1507,0.0626,0.2113,0.3795,0.0,0.0405,29
33,23,0.1679,0.0855,0.1935,0.2928,0.0,0.0577,16
33,24,0.1298,0.0436,0.284,0.4668,0.0,0.0231,47
33,25,0.1733,0.0892,0.1767,0.2999,0.0,0.0488,13
33,26,0.1826,0.0849,0.1174,0.269,0.0,0.0695,12
33,27,0.1503,0.0621,0.2247,0.3877,0.0,0.0339,30
33,28,0.1549,0.0633,0.1815,0.3633,0.0,0.0368,24
33,29,0.1761,0.0679,0.1127,0.2373,0.0,0.0553,9
33,30,0.2754,0.0937,0.0014,0.0591,0.0,0.0948,1
33,31,0.1948,0.0649,0.0223,0.1796,0.0,0.0829,2
34,0,0.0466,0.0306,0.9407,0.9086,0.0,0.0167,125
34,1,0.0572,0.025,0.9269,0.8483,0.0,0.0099,115
34,2,0.1726,0.0683,0.1159,0.1848,0.0,0.0796,2
34,3,0.0833,0.03,0.7813,0.7263,0.0,0.0323,96
34,4,0.1809,0.0687,0.0718,0.142,0.0,0.1215,0
34,5,0.1301,0.046,0.2817,0.4063,0.0,0.0472,12
34,6,0.1212,0.045,0.3629,0.4937,0.0,0.024,41
34,7,0.4612,0.0967,0.0,0.0013,0.0,0.2219,0
34,8,0.2275,0.0769,0.0238,0.1307,0.0,0.1207,0
34,9,0.1923,0.0925,0.1113,0.1714,0.0,0.0962,1
34,10,0.1711,0.0805,0.1801,0.2515,0.0,0.0969,1
34,11,0.1737,0.0679,0.108,0.1823,0.0,0.0897,1
34,12,0.1502,0.0372,0.0829,0.4341,0.0,0.0385,57
34,13,0.2271,0.0724,0.015,0.0775,0.0,0.106,0
34,14,0.159,0.0613,0.1501,0.223,0.0,0.0743,2
34,15,0.1764,0.0767,0.1171,0.2172,0.0,0.0939,2
34,16,0.1446,0.0759,0.2047,0.3267,0.0,0.0813,3
34,17,0.1153,0.0654,0.5545,0.5461,0.0,0.0285,28
34,18,0.1254,0.052,0.3464,0.4182,0.0,0.0729,15
34,19,0.3832,0.0977,0.0,0.002,0.0006,0.2004,0
34,20,0.1048,0.0462,0.6045,0.5843,0.0,0.0537,73
34,21,0.1604,0.0881,0.18,0.2933,0.0001,0.0782,4
34,22,0.1094,0.0349,0.4745,0.5425,0.0,0.0404,69
34,23,0.1996,0.0683,0.0349,0.1076,0.0,0.111,0
34,24,0.1255,0.0524,0.3108,0.4338,0.0,0.0569,18
34,25,0.1761,0.0688,0.0568,0.1853,0.0,0.0861,1
34,26,0.1037,0.0302,0.5372,0.5739,0.0,0.0421,61
34,27,0.1766,0.0552,0.0522,0.1981,0.0011,0.0938,2
34,28,0.1232,0.0425,0.302,0.4193,0.0,0.0249,17
34,29,0.135,0.0512,0.2657,0.405,0.0,0.0405,27
34,30,0.2115,0.0652,0.0141,0.1095,0.0,0.0866,1
34,31,0.1203,0.0388,0.3113,0.4408,0.0,0.0461,33
35,0,0.0646,0.0214,0.9561,0.808,0.0,0.0102,105
35,1,0.1729,0.0784,0.166,0.2255,0.0,0.0805,2
35,2,0.1376,0.0638,0.3302,0.3764,0.0,0.0684,2
35,3,0.0832,0.0183,0.8919,0.7286,0.0,0.0202,95
35,4,0.1005,0.0234,0.4992,0.6717,0.0,0.0137,82
35,5,0.1499,0.0712,0.2714,0.319,0.0,0.0954,1
35,6,0.0708,0.0248,0.9094,0.8145,0.0,0.0282,112
35,7,0.1528,0.0813,0.2942,0.3296,0.0,0.0418,2
35,8,0.0468,0.0116,0.9977,0.898,0.0,0.0126,117
35,9,0.1576,0.0842,0.2718,0.3207,0.0,0.053,2
35,10,0.104,0.0322,0.5088,0.5829,0.0,0.0522,75
35,11,0.0694,0.0241,0.9136,0.7858,0.0,0.0159,104
35,12,0.0548,0.0117,0.9979,0.8745,0.0,0.0158,115
35,13,0.13,0.0546,0.323,0.4074,0.0,0.0612,15
35,14,0.314,0.1155,0.0032,0.0294,0.0001,0.0518,2
35,15,0.0586,0.0185,0.9778,0.8597,0.0,0.0178,116
35,16,0.0764,0.0372,0.7928,0.7647,0.0,0.0234,118
35,17,0.124,0.0629,0.4224,0.4637,0.0,0.0331,21
35,18,0.0982,0.06,0.6429,0.6385,0.0,0.0218,72
35,19,0.0881,0.0449,0.6866,0.6854,0.0,0.0511,96
35,20,0.1064,0.0613,0.5864,0.5974,0.0,0.0323,56
35,21,0.083,0.0428,0.7784,0.7384,0.0,0.0303,97
35,22,0.2842,0.1248,0.024,0.0969,0.0,0.1092,0
35,23,0.1603,0.0683,0.1872,0.3069,0.0,0.0462,13
35,24,0.1088,0.0548,0.5449,0.5713,0.0,0.0579,66
35,25,0.1033,0.0594,0.6182,0.617,0.0,0.0614,64
35,26,0.1064,0.0532,0.5522,0.5679,0.0,0.0445,54
35,27,0.0866,0.0417,0.731,0.7026,0.0,0.0246,100
35,28,0.1065,0.0594,0.5942,0.5879,0.0,0.0173,56
35,29,0.1215,0.0471,0.3619,0.4473,0.0,0.0497,23
35,30,0.098,0.047,0.6346,0.631,0.0,0.0285,72
35,31,0.1401,0.0693,0.332,0.4227,0.0,0.0378,30
36,0,0.0513,0.0287,0.9292,0.8795,0.0,0.0069,114
36,1,0.0755,0.0356,0.8239,0.7799,0.0,0.0146,105
36,2,0.0908,0.0248,0.684,0.6692,0.0,0.0208,75
36,3,0.1056,0.0282,0.3942,0.5813,0.0,0.0259,65
36,4,0.0804,0.0244,0.8527,0.7206,0.0,0.0108,91
36,5,0.0656,0.024,0.9229,0.8181,0.0,0.012,116
36,6,0.1899,0.064,0.033,0.2244,0.0,0.0709,8
36,7,0.0862,0.034,0.7098,0.7138,0.0,0.0081,92
36,8,0.2525,0.0415,0.0,0.0594,0.0,0.0455,3
36,9,0.0922,0.0378,0.6826,0.665,0.0,0.0172,75
36,10,0.1314,0.0612,0.3351,0.4486,0.0,0.0285,25
36,11,0.0686,0.0241,0.9167,0.7985,0.0,0.0099,112
36,12,0.0539,0.019,0.9768,0.8747,0.0,0.0063,122
36,13,0.1275,0.0469,0.299,0.4643,0.0,0.0327,37
36,14,0.069,0.0275,0.8884,0.8055,0.0,0.0145,116
36,15,0.0783,0.0283,0.7973,0.7613,0.0,0.0168,99
36,16,0.1524,0.0454,0.0807,0.2557,0.0,0.0659,2
36,17,0.1456,0.0561,0.1841,0.2861,0.0,0.0365,2
36,18,0.1914,0.0761,0.0042,0.0996,0.001,0.0963,1
36,19,0.1893,0.0754,0.0638,0.1843,0.0,0.0315,4
36,20,0.2033,0.0636,0.0205,0.1158,0.0,0.0605,1
36,21,0.1377,0.0374,0.0719,0.3214,0.0,0.065,4
36,22,0.1255,0.0369,0.2436,0.3989,0.0,0.0787,12
36,23,0.2153,0.0778,0.0352,0.0868,0.0,0.1748,0
36,24,0.1472,0.0591,0.1721,0.3067,0.0,0.0623,2
36,25,0.1359,0.0466,0.2167,0.3435,0.0,0.0233,7
36,26,0.3004,0.0858,0.0,0.014,0.0,0.1728,0
36,27,0.3046,0.0972,0.0006,0.0333,0.0,0.0832,1
36,28,0.208,0.0584,0.0035,0.1011,0.0,0.0876,2
36,29,0.1938,0.0963,0.0481,0.1485,0.0001,0.0904,1
36,30,0.1854,0.06,0.014,0.1334,0.0,0.0773,3
36,31,0.1809,0.0401,0.0087,0.1487,0.0,0.0409,2
37,0,0.0588,0.0265,0.9119,0.8409,0.0,0.0071,118
37,1,0.0633,0.015,0.989,0.8087,0.0,0.0105,102
37,2,0.073,0.034,0.806,0.7764,0.0,0.0082,104
37,3,0.0733,0.0332,0.8503,0.7801,0.0,0.0098,98
37,4,0.1126,0.0404,0.4251,0.5897,0.0,0.0118,68
37,5,0.067,0.0212,0.9458,0.8043,0.0,0.0136,106
37,6,0.0677,0.0214,0.9327,0.8001,0.0,0.0084,108
37,7,0.0937,0.0355,0.597,0.6691,0.0,0.0224,80
37,8,0.0691,0.0333,0.8848,0.8136,0.0,0.0073,111
37,9,0.1543,0.0336,0.0045,0.3319,0.0,0.0229,23
37,10,0.1011,0.0457,0.6269,0.6318,0.0,0.0108,60
37,11,0.0646,0.0197,0.967,0.8104,0.0,0.0137,109
37,12,0.0429,0.017,0.9898,0.9003,0.0,0.0062,121
37,13,0.0825,0.0247,0.7793,0.7152,0.0,0.0127,85
37,14,0.0845,0.0258,0.8181,0.7131,0.0,0.014,87
37,15,0.1147,0.029,0.2707,0.5456,0.0,0.0186,52
37,16,0.2174,0.0692,0.0398,0.2887,0.0,0.0458,17
37,17,0.1448,0.055,0.2266,0.3878,0.0,0.0218,29
37,18,0.1452,0.0541,0.1827,0.3715,0.0,0.0405,23
37,19,0.1756,0.0517,0.0519,0.2089,0.0,0.058,9
37,20,0.1966,0.0468,0.0029,0.1206,0.0,0.0498,6
37,21,0.0991,0.0447,0.5962,0.6101,0.0,0.0193,58
37,22,0.0654,0.0277,0.906,0.8325,0.0,0.0181,119
37,23,0.068,0.0222,0.9058,0.8046,0.0,0.0106,101
37,24,0.1363,0.0549,0.2784,0.391,0.0,0.0196,12
37,25,0.1531,0.0668,0.226,0.3272,0.0,0.0158,13
37,26,0.1824,0.0727,0.1257,0.2263,0.0,0.021,9
37,27,0.1721,0.0423,0.0501,0.3532,0.0,0.0122,32
37,28,0.1429,0.0633,0.2611,0.384,0.0,0.0681,9
37,29,0.2122,0.0773,0.0363,0.357,0.0,0.0121,29
37,30,0.2782,0.0728,0.004,0.1255,0.0002,0.0907,2
37,31,0.1639,0.0663,0.1395,0.267,0.0,0.0125,6
38,0,0.0668,0.0354,0.8576,0.8153,0.0,0.0093,108
38,1,0.139,0.0612,0.31,0.4538,0.0001,0.0078,42
38,2,0.0642,0.0316,0.8716,0.8096,0.0,0.0093,110
38,3,0.0816,0.0282,0.7725,0.7153,0.0,0.0134,91
38,4,0.0391,0.0137,0.9953,0.9274,0.0,0.0063,124
38,5,0.0313,0.0109,0.9977,0.9374,0.0,0.008,122
38,6,0.0817,0.04,0.7219,0.7246,0.0,0.0056,87
38,7,0.1056,0.0439,0.5281,0.5991,0.0,0.0081,58
38,8,0.0535,0.0197,0.9762,0.8731,0.0,0.0119,121
38,9,0.1827,0.0367,0.006,0.1959,0.0,0.0529,9
38,10,0.0691,0.0275,0.8726,0.783,0.0,0.011,110
38,11,0.0636,0.0236,0.9367,0.8188,0.0,0.0082,111
38,12,0.0461,0.0143,0.9977,0.9142,0.0001,0.0142,122
38,13,0.0954,0.0436,0.5967,0.6491,0.0,0.0117,71
38,14,0.09,0.0411,0.656,0.6792,0.0,0.0113,80
38,15,0.0325,0.0134,0.9932,0.9591,0.0,0.0101,128
38,16,0.1301,0.068,0.3981,0.4524,0.0,0.0138,9
38,17,0.0284,0.0128,0.9958,0.9592,0.0,0.0059,125
38,18,0.1378,0.0594,0.3006,0.3893,0.0,0.0199,9
38,19,0.132,0.0688,0.3876,0.4346,0.0,0.0527,6
38,20,0.1224,0.0627,0.4341,0.4907,0.0,0.0221,30
38,21,0.1299,0.0571,0.3482,0.4114,0.0,0.0073,8
38,22,0.148,0.0651,0.261,0.3174,0.0,0.0098,5
38,23,0.0275,0.0087,0.9979,0.9708,0.0,0.009,127
38,24,0.1196,0.0667,0.4718,0.5063,0.0,0.0095,19
38,25,0.0697,0.0343,0.8234,0.7776,0.0,0.0129,97
38,26,0.2533,0.074,0.0006,0.0378,0.0,0.1042,0
38,27,0.052,0.0153,0.9905,0.8893,0.0,0.0122,122
38,28,0.1407,0.072,0.3412,0.4065,0.0,0.0156,10
38,29,0.1356,0.0628,0.3133,0.381,0.0,0.021,6
38,30,0.0402,0.0153,0.9912,0.938,0.0,0.017,125
38,31,0.0404,0.0169,0.9959,0.9146,0.0,0.0097,123
39,0,0.0546,0.0266,0.9403,0.8629,0.0,0.0122,114
39,1,0.0358,0.0328,0.9623,0.9473,0.0,0.0208,128
39,2,0.0754,0.0435,0.7806,0.7689,0.0,0.0468,126
39,3,0.0747,0.0435,0.7986,0.7791,0.0,0.0369,121
39,4,0.0553,0.0351,0.9359,0.9069,0.0,0.0164,126
39,5,0.0495,0.0216,0.98,0.8804,0.0,0.0077,116
39,6,0.1502,0.0787,0.269,0.3385,0.0,0.0907,3
39,7,0.0422,0.0199,0.9909,0.9141,0.0,0.0114,119
39,8,0.0535,0.0316,0.9346,0.9107,0.0,0.0256,128
39,9,0.0642,0.0381,0.8593,0.8351,0.0,0.0094,126
39,10,0.0317,0.0122,0.9977,0.949,0.0,0.0106,124
39,11,0.0899,0.0474,0.6924,0.6885,0.0,0.0272,106
39,12,0.0564,0.0352,0.9238,0.9046,0.0,0.0335,126
39,13,0.0683,0.0378,0.8341,0.813,0.0,0.0316,126
39,14,0.0763,0.0473,0.7874,0.7712,0.0,0.0364,120
39,15,0.0699,0.0465,0.8946,0.8649,0.0,0.0394,128
39,16,0.1519,0.0873,0.3446,0.393,0.0,0.07,5
39,17,0.0354,0.0173,0.9929,0.9489,0.0,0.0134,127
39,18,0.0849,0.0579,0.7153,0.7178,0.0,0.0237,112
39,19,0.0712,0.046,0.799,0.7863,0.0,0.0342,124
39,20,0.043,0.0238,0.9785,0.9287,0.0,0.02,126
39,21,0.0559,0.0425,0.9126,0.8807,0.0,0.0245,124
39,22,0.0946,0.057,0.6609,0.6683,0.0,0.0229,81
39,23,0.0756,0.0467,0.768,0.7604,0.0,0.0439,123
39,24,0.0633,0.0424,0.8622,0.8408,0.0,0.024,127
39,25,0.1105,0.0724,0.5578,0.5908,0.0,0.0355,47
39,26,0.069,0.0507,0.8325,0.8102,0.0,0.034,113
39,27,0.0533,0.0333,0.9158,0.884,0.0,0.0269,125
39,28,0.0582,0.0366,0.9053,0.8727,0.0,0.0217,124
39,29,0.0862,0.053,0.6716,0.6942,0.0,0.0385,103
39,30,0.1021,0.066,0.5973,0.6233,0.0,0.0349,56
39,31,0.088,0.0615,0.6729,0.683,0.0,0.0451,100
40,0,0.075,0.0308,0.8013,0.7291,0.0,0.0117,87
40,1,0.0424,0.0137,0.9964,0.9196,0.0,0.0098,121
40,2,0.1272,0.0208,0.04,0.4404,0.0001,0.0135,46
40,3,0.0293,0.0105,0.9979,0.9523,0.0,0.0082,126
40,4,0.1307,0.0665,0.4002,0.4674,0.0,0.0171,25
40,5,0.0692,0.026,0.8949,0.7974,0.0,0.0216,112
40,6,0.0629,0.0236,0.9343,0.8197,0.0,0.0111,114
40,7,0.0279,0.0095,0.9979,0.9672,0.0,0.0076,128
40,8,0.0401,0.0194,0.9812,0.9274,0.0,0.0148,122
40,9,0.0344,0.0098,0.9979,0.9533,0.0,0.0064,127
40,10,0.0314,0.0097,0.9979,0.9638,0.0,0.0122,127
40,11,0.0494,0.0155,0.9968,0.8863,0.0,0.0107,116
40,12,0.0291,0.0091,0.9979,0.9595,0.0,0.0099,125
40,13,0.0268,0.0095,0.9979,0.9637,0.0,0.0096,126
40,14,0.0362,0.0111,0.9979,0.941,0.0,0.0058,124
40,15,0.0308,0.0143,0.9948,0.9581,0.0009,0.0088,126
40,16,0.036,0.0131,0.9963,0.939,0.0,0.0045,126
40,17,0.0355,0.012,0.9977,0.9419,0.0,0.0086,126
40,18,0.0729,0.0396,0.8381,0.7702,0.0,0.0076,97
40,19,0.0324,0.0172,0.9865,0.9523,0.0,0.007,128
40,20,0.0662,0.0217,0.9386,0.8108,0.0,0.0107,109
40,21,0.1792,0.0436,0.0056,0.2579,0.0,0.0619,11
40,22,0.0919,0.0514,0.7127,0.6806,0.0,0.0126,83
40,23,0.07,0.0307,0.8394,0.7751,0.0,0.0079,97
40,24,0.1458,0.0481,0.1614,0.446,0.0,0.022,43
40,25,0.1169,0.044,0.4389,0.5353,0.0,0.0152,53
40,26,0.0279,0.0096,0.9979,0.9605,0.0,0.0032,125
40,27,0.0467,0.0165,0.9961,0.8981,0.0,0.0044,123
40,28,0.0884,0.0385,0.7051,0.7034,0.0,0.0077,81
40,29,0.0989,0.0304,0.5785,0.6466,0.0,0.0089,80
40,30,0.0184,0.0083,0.9979,0.9764,0.0,0.0053,126
40,31,0.0623,0.031,0.8888,0.8057,0.0,0.0039,103
41,0,0.0217,0.0098,0.9978,0.9818,0.0,0.0055,128
41,1,0.0289,0.0181,0.981,0.9634,0.0,0.006,128
41,2,0.0567,0.0288,0.9208,0.8372,0.0,0.0057,114
41,3,0.0242,0.0125,0.9975,0.9769,0.0,0.008,128
41,4,0.043,0.0213,0.9757,0.9204,0.0,0.0084,127
41,5,0.0305,0.0135,0.9978,0.9339,0.0,0.0063,118
41,6,0.0879,0.0442,0.6976,0.6681,0.0,0.0063,74
41,7,0.0274,0.0118,0.9976,0.9675,0.0,0.0078,127
41,8,0.0247,0.0117,0.9979,0.9773,0.0,0.0045,128
41,9,0.0313,0.0141,0.9973,0.9345,0.0,0.0036,116
41,10,0.0215,0.0089,0.9979,0.9714,0.0,0.0062,126
41,11,0.0172,0.008,0.9979,0.986,0.0,0.0048,128
41,12,0.0634,0.0345,0.8704,0.8246,0.0,0.0069,126
41,13,0.0281,0.0127,0.9978,0.9666,0.0,0.0048,128
41,14,0.0992,0.0344,0.5517,0.5907,0.0,0.0204,55
41,15,0.0262,0.0105,0.9979,0.9645,0.0,0.0095,127
41,16,0.0304,0.0099,0.9979,0.9695,0.0001,0.0068,126
41,17,0.113,0.0448,0.4526,0.519,0.0,0.0229,35
41,18,0.0279,0.0107,0.9979,0.9723,0.0,0.011,126
41,19,0.0244,0.0122,0.9978,0.9618,0.0,0.005,126
41,20,0.0289,0.011,0.9977,0.9683,0.0,0.011,127
41,21,0.0252,0.0095,0.9979,0.9607,0.0,0.0052,124
41,22,0.0896,0.0413,0.6574,0.6573,0.0,0.0077,74
41,23,0.0375,0.0157,0.9967,0.9429,0.0,0.0103,128
41,24,0.0501,0.0268,0.9362,0.886,0.0002,0.0051,118
41,25,0.0228,0.0094,0.9979,0.966,0.0,0.0067,123
41,26,0.0213,0.0091,0.9979,0.9556,0.0,0.0037,122
41,27,0.0308,0.0136,0.9963,0.9607,0.0,0.0085,127
41,28,0.023,0.0106,0.9979,0.9645,0.0,0.0046,124
41,29,0.0837,0.0435,0.6974,0.6899,0.0,0.008,89
41,30,0.022,0.0087,0.9979,0.9819,0.0,0.0051,128
41,31,0.0255,0.0101,0.9979,0.9445,0.0,0.005,122
42,0,0.0303,0.0074,0.9979,0.9315,0.0,0.005,119
42,1,0.0304,0.0084,0.9979,0.9565,0.0,0.0013,127
42,2,0.0252,0.0066,0.9979,0.9638,0.0,0.0039,126
42,3,0.0782,0.0189,0.8933,0.6984,0.0,0.0118,84
42,4,0.0706,0.0307,0.8507,0.7658,0.0,0.0043,101
42,5,0.0709,0.0289,0.8593,0.7665,0.0,0.0117,98
42,6,0.0294,0.0082,0.9979,0.9616,0.0,0.0049,126
42,7,0.0329,0.008,0.9979,0.9439,0.0,0.0092,123
42,8,0.0307,0.0078,0.9979,0.9545,0.0,0.006,124
42,9,0.0264,0.007,0.9979,0.9694,0.0,0.0086,127
42,10,0.0405,0.0147,0.9886,0.917,0.0,0.0075,124
42,11,0.0589,0.0186,0.9622,0.7834,0.0,0.005,101
42,12,0.028,0.0072,0.9979,0.9549,0.0,0.0057,125
42,13,0.1151,0.0396,0.4042,0.5894,0.0,0.0053,76
42,14,0.0334,0.0087,0.9979,0.9311,0.0,0.0043,120
42,15,0.0376,0.0086,0.9978,0.9362,0.0,0.0077,123
42,16,0.0519,0.0286,0.9068,0.8743,0.0,0.0066,118
42,17,0.0712,0.0308,0.8178,0.7909,0.0,0.0066,100
42,18,0.0368,0.0224,0.9626,0.9326,0.0,0.0045,126
42,19,0.0479,0.0217,0.9758,0.8846,0.0,0.0102,119
42,20,0.117,0.0376,0.3877,0.5212,0.0,0.0165,55
42,21,0.0375,0.0202,0.9838,0.9268,0.0,0.0052,125
42,22,0.0547,0.0206,0.9627,0.861,0.0,0.008,119
42,23,0.0378,0.0153,0.9975,0.9322,0.0,0.0021,126
42,24,0.0495,0.0159,0.9976,0.8777,0.0,0.0038,118
42,25,0.0458,0.0189,0.975,0.8908,0.0,0.0054,116
42,26,0.0747,0.0329,0.8077,0.7621,0.0,0.0173,104
42,27,0.0509,0.0176,0.9892,0.8422,0.0,0.006,108
42,28,0.042,0.0199,0.9889,0.9135,0.0,0.0083,121
42,29,0.0275,0.012,0.9979,0.9626,0.0,0.0059,127
42,30,0.0694,0.0189,0.9467,0.7926,0.0001,0.0107,107
42,31,0.0368,0.0136,0.9973,0.9285,0.0,0.004,123
43,0,0.0627,0.0144,0.9941,0.8342,0.0,0.0112,110
43,1,0.0693,0.0225,0.9158,0.7905,0.0,0.0108,106
43,2,0.2006,0.0604,0.0596,0.2021,0.0,0.0178,9
43,3,0.0692,0.0222,0.9046,0.7883,0.0,0.0156,104
43,4,0.0751,0.0252,0.8672,0.7737,0.0,0.0214,107
43,5,0.0786,0.042,0.8017,0.7528,0.0,0.0201,101
43,6,0.1037,0.0314,0.5312,0.5749,0.0,0.0082,69
43,7,0.0594,0.0209,0.9593,0.8479,0.0,0.012,117
43,8,0.0692,0.0224,0.9084,0.7832,0.0,0.006,98
43,9,0.073,0.0274,0.8598,0.7696,0.0,0.0082,101
43,10,0.0674,0.0248,0.9136,0.785,0.0,0.011,101
43,11,0.067,0.017,0.9713,0.7841,0.0,0.0083,102
43,12,0.0957,0.0411,0.6265,0.6425,0.0,0.0336,80
43,13,0.1,0.0252,0.5735,0.6045,0.0,0.0192,65
43,14,0.0651,0.0198,0.9546,0.8102,0.0,0.0101,110
43,15,0.1071,0.0401,0.5341,0.5716,0.0,0.0098,60
43,16,0.1936,0.11,0.2114,0.2283,0.0,0.133,0
43,17,0.2053,0.1157,0.1706,0.1924,0.0,0.1334,0
43,18,0.2212,0.0957,0.0685,0.1142,0.0,0.153,0
43,19,0.1809,0.0957,0.2098,0.2314,0.0,0.112,0
43,20,0.2288,0.1256,0.1419,0.1613,0.0,0.1528,0
43,21,0.1948,0.1016,0.1725,0.1996,0.0,0.097,1
43,22,0.1748,0.0912,0.2194,0.242,0.0,0.1216,0
43,23,0.2124,0.116,0.1521,0.1748,0.0,0.1499,0
43,24,0.213,0.1184,0.1615,0.1807,0.0,0.1397,0
43,25,0.21,0.118,0.172,0.1903,0.0,0.1358,0
43,26,0.1942,0.104,0.1811,0.2045,0.0,0.122,0
43,27,0.179,0.0808,0.1565,0.2287,0.0,0.0959,1
43,28,0.2256,0.1267,0.1346,0.1588,0.0,0.1481,0
43,29,0.1781,0.0871,0.1839,0.2173,0.0,0.1228,0
43,30,0.1854,0.1006,0.2032,0.2272,0.0,0.0995,1
43,31,0.2223,0.1234,0.1481,0.1723,0.0,0.0752,1
44,0,0.0517,0.0144,0.9976,0.8861,0.0,0.008,118
44,1,0.0273,0.0162,0.9923,0.9643,0.0,0.0066,127
44,2,0.0373,0.0151,0.9975,0.9442,0.0,0.0073,128
44,3,0.0353,0.0117,0.9979,0.9361,0.0,0.0064,124
44,4,0.0237,0.0108,0.9979,0.9756,0.0,0.0057,127
44,5,0.025,0.0109,0.9979,0.9674,0.0,0.0055,125
44,6,0.0494,0.0165,0.9836,0.8277,0.0,0.0041,105
44,7,0.0492,0.0122,0.9978,0.8973,0.0,0.0064,120
44,8,0.0251,0.01,0.9979,0.9767,0.0,0.0066,128
44,9,0.0815,0.0318,0.7709,0.7079,0.0,0.0121,85
44,10,0.0386,0.0104,0.9979,0.9148,0.0,0.0035,121
44,11,0.0264,0.0106,0.9979,0.9699,0.0,0.0057,127
44,12,0.0383,0.012,0.997,0.9361,0.0,0.011,122
44,13,0.0302,0.0093,0.9979,0.9446,0.0,0.0069,123
44,14,0.0296,0.0089,0.9979,0.9709,0.0,0.0093,127
44,15,0.0293,0.0099,0.9979,0.9524,0.0,0.0052,125
44,16,0.1799,0.0794,0.1619,0.2115,0.0,0.11,0
44,17,0.2082,0.0766,0.0667,0.1189,0.0,0.0755,1
44,18,0.1592,0.0904,0.255,0.3145,0.0,0.0629,4
44,19,0.2247,0.0835,0.0482,0.0985,0.0,0.1003,0
44,20,0.2182,0.0816,0.051,0.0994,0.0,0.1305,0
44,21,0.2507,0.0884,0.0293,0.0669,0.0,0.1672,0
44,22,0.163,0.0945,0.2473,0.3019,0.0,0.0766,2
44,23,0.1531,0.0788,0.2474,0.3134,0.0,0.0432,3
44,24,0.1487,0.0794,0.2823,0.3418,0.0,0.0855,3
44,25,0.1372,0.0681,0.3238,0.3772,0.0,0.0294,5
44,26,0.1705,0.0935,0.2043,0.2667,0.0,0.0769,3
44,27,0.2174,0.1046,0.0997,0.1508,0.0,0.078,1
44,28,0.0721,0.0237,0.874,0.7973,0.0,0.0051,98
44,29,0.1578,0.0802,0.2282,0.2874,0.0,0.0419,2
44,30,0.1397,0.0782,0.3547,0.3884,0.0,0.0356,3
44,31,0.1395,0.0721,0.3135,0.3718,0.0,0.0761,2
45,0,0.026,0.0121,0.9982,0.9609,0.0,0.004,127
45,1,0.0439,0.0151,0.9949,0.8929,0.0,0.0059,117
45,2,0.0345,0.0138,0.9976,0.9209,0.0,0.0025,119
45,3,0.0591,0.0222,0.9464,0.8626,0.0,0.0102,123
45,4,0.0435,0.0174,0.9913,0.9161,0.0,0.0081,125
45,5,0.0375,0.022,0.9718,0.9227,0.0,0.0042,121
45,6,0.0341,0.0135,0.9974,0.9359,0.0,0.0032,122
45,7,0.0262,0.0101,0.9982,0.9536,0.0,0.0031,125
45,8,0.0289,0.0161,0.9942,0.9496,0.0,0.0032,124
45,9,0.0254,0.0091,0.9981,0.9565,0.0,0.0049,123
45,10,0.0371,0.0156,0.9963,0.925,0.0,0.0039,123
45,11,0.0565,0.0317,0.9057,0.8525,0.0,0.0035,113
45,12,0.0331,0.0158,0.997,0.9298,0.0,0.0031,125
45,13,0.0335,0.0186,0.9902,0.9312,0.0,0.0053,124
45,14,0.0499,0.0197,0.9783,0.8811,0.0,0.0064,119
45,15,0.0242,0.0087,0.9984,0.9569,0.0,0.0022,125
45,16,0.0738,0.0294,0.8155,0.7588,0.0,0.0112,102
45,17,0.0718,0.0272,0.8576,0.7439,0.0,0.0072,93
45,18,0.1561,0.0266,0.0288,0.318,0.0,0.0095,31
45,19,0.0206,0.0062,0.998,0.9704,0.0,0.0033,127
45,20,0.0359,0.017,0.9932,0.9026,0.0,0.0032,115
45,21,0.0278,0.0107,0.9979,0.9549,0.0,0.0019,125
45,22,0.0289,0.0079,0.998,0.9369,0.0,0.0026,123
45,23,0.0179,0.0061,0.9982,0.9835,0.0,0.0018,128
45,24,0.0248,0.0064,0.9984,0.9476,0.0,0.0017,121
45,25,0.0201,0.0091,0.998,0.9799,0.0,0.0045,128
45,26,0.0378,0.0124,0.9974,0.9319,0.0,0.0017,127
45,27,0.0183,0.0068,0.9984,0.98,0.0,0.0037,127
45,28,0.0189,0.0064,0.9981,0.9861,0.0,0.0021,128
45,29,0.0282,0.0129,0.9966,0.9577,0.0,0.004,125
45,30,0.0293,0.0119,0.998,0.9456,0.0,0.0039,126
45,31,0.0296,0.0081,0.9981,0.9433,0.0,0.002,122
46,0,0.1397,0.0378,0.1015,0.315,0.0,0.0128,16
46,1,0.1436,0.0511,0.1827,0.2998,0.0,0.0354,11
46,2,0.2,0.037,0.0025,0.0451,0.0,0.1058,0
46,3,0.2199,0.0841,0.043,0.0951,0.0,0.0418,2
46,4,0.1537,0.0419,0.0745,0.2669,0.0,0.0767,10
46,5,0.0764,0.0212,0.8894,0.7665,0.0,0.0176,107
46,6,0.0796,0.0254,0.8364,0.7672,0.0,0.0313,112
46,7,0.0509,0.0182,0.9787,0.8919,0.0,0.0142,126
46,8,0.1482,0.0619,0.205,0.2912,0.0,0.04,3
46,9,0.1049,0.0267,0.4667,0.5849,0.0,0.0183,62
46,10,0.0337,0.0142,0.9955,0.9411,0.0001,0.0063,123
46,11,0.2626,0.0777,0.0007,0.0524,0.0,0.0537,1
46,12,0.092,0.0265,0.7044,0.6575,0.0,0.0324,88
46,13,0.1884,0.0619,0.0419,0.1332,0.0,0.0081,2
46,14,0.0442,0.0134,0.9947,0.9184,0.0,0.0084,126
46,15,0.096,0.02,0.6149,0.6502,0.0001,0.0269,70
46,16,0.0374,0.0121,0.9978,0.913,0.0001,0.0064,117
46,17,0.1169,0.0449,0.4094,0.5043,0.0,0.035,39
46,18,0.0988,0.0184,0.554,0.6418,0.0,0.0065,80
46,19,0.0454,0.0116,0.997,0.8981,0.0,0.0072,120
46,20,0.0693,0.0178,0.953,0.7908,0.0002,0.0094,96
46,21,0.0632,0.017,0.9752,0.8245,0.0,0.0073,112
46,22,0.165,0.0683,0.1655,0.3247,0.0,0.0091,15
46,23,0.08,0.0267,0.803,0.7145,0.0,0.0062,92
46,24,0.0921,0.0243,0.6907,0.6656,0.0,0.006,86
46,25,0.0887,0.0371,0.7665,0.6713,0.0,0.0127,81
46,26,0.0905,0.032,0.741,0.6507,0.0,0.0091,83
46,27,0.0834,0.0287,0.7876,0.7022,0.0,0.0098,87
46,28,0.0779,0.0261,0.8377,0.7246,0.0,0.0096,95
46,29,0.0713,0.0268,0.8808,0.7756,0.0,0.0098,104
46,30,0.1548,0.0351,0.0247,0.298,0.0,0.0677,16
46,31,0.0435,0.0143,0.9924,0.8948,0.0,0.0015,116
47,0,0.0195,0.0066,0.9982,0.99,0.0,0.0055,128
47,1,0.0305,0.0093,0.998,0.9463,0.0,0.0023,126
47,2,0.0615,0.0376,0.9175,0.8452,0.0,0.0033,117
47,3,0.02,0.0068,0.9982,0.9803,0.0,0.0048,127
47,4,0.03,0.0099,0.9979,0.9458,0.0,0.005,124
47,5,0.044,0.014,0.9961,0.8977,0.0,0.007,119
47,6,0.0241,0.0088,0.998,0.9657,0.0,0.0042,125
47,7,0.0338,0.0104,0.9979,0.941,0.0,0.0073,123
47,8,0.0204,0.0074,0.9981,0.9829,0.0,0.0035,127
47,9,0.0302,0.0111,0.998,0.9453,0.0,0.0031,124
47,10,0.0336,0.0103,0.9978,0.9419,0.0,0.0063,127
47,11,0.0243,0.0078,0.9981,0.9742,0.0,0.0049,127
47,12,0.0312,0.0097,0.998,0.9444,0.0,0.0049,123
47,13,0.0277,0.0088,0.998,0.9587,0.0,0.0032,126
47,14,0.0524,0.0172,0.9826,0.8353,0.0,0.003,104
47,15,0.0237,0.0095,0.9981,0.9614,0.0,0.0041,126
47,16,0.1108,0.0547,0.5493,0.5538,0.0,0.0077,34
47,17,0.1239,0.0685,0.4548,0.4811,0.0,0.0084,18
47,18,0.1431,0.0774,0.3496,0.4024,0.0,0.0068,17
47,19,0.1384,0.0703,0.3507,0.4143,0.0,0.002,22
47,20,0.0683,0.031,0.8538,0.799,0.0,0.0077,104
47,21,0.0425,0.0161,0.9944,0.8997,0.0,0.0056,115
47,22,0.1418,0.0796,0.3437,0.3897,0.0,0.0162,11
47,23,0.0379,0.0146,0.9966,0.9055,0.0,0.0037,119
47,24,0.0818,0.0385,0.7456,0.6953,0.0,0.0048,84
47,25,0.0938,0.0573,0.6732,0.677,0.0,0.0333,86
47,26,0.0893,0.0426,0.6821,0.6493,0.0,0.0036,70
47,27,0.045,0.0174,0.9834,0.8969,0.0,0.0063,118
47,28,0.1392,0.0785,0.3599,0.3994,0.0,0.014,11
47,29,0.1229,0.067,0.4995,0.5221,0.0,0.0085,32
47,30,0.1692,0.0685,0.1507,0.2925,0.0,0.0138,22
47,31,0.066,0.0224,0.9384,0.8105,0.0,0.0066,108
48,0,0.2127,0.0646,0.0102,0.0782,0.0,0.0168,3
48,1,0.2302,0.0866,0.0145,0.0826,0.0,0.0177,3
48,2,0.2351,0.0981,0.0238,0.0745,0.0,0.0542,1
48,3,0.2034,0.0842,0.0519,0.1389,0.0,0.017,5
48,4,0.1515,0.0442,0.0721,0.1857,0.0,0.0213,2
48,5,0.1567,0.0472,0.103,0.208,0.0,0.0702,5
48,6,0.2603,0.1131,0.0247,0.0841,0.0,0.0039,2
48,7,0.1799,0.0406,0.0116,0.1041,0.0,0.0707,2
48,8,0.2359,0.1066,0.0277,0.0792,0.0,0.071,1
48,9,0.2126,0.0906,0.0484,0.1281,0.0,0.0103,6
48,10,0.1944,0.0683,0.0355,0.1399,0.0,0.0012,6
48,11,0.2753,0.0835,0.0001,0.0317,0.0,0.0165,2
48,12,0.2435,0.0977,0.0245,0.0884,0.0,0.0496,3
48,13,0.2288,0.0996,0.0292,0.0964,0.0,0.0069,2
48,14,0.2511,0.0727,0.0016,0.0489,0.0,0.0638,2
48,15,0.0656,0.0172,0.9667,0.8287,0.0,0.0206,118
48,16,0.0382,0.0097,0.9979,0.9265,0.0,0.0069,119
48,17,0.2273,0.0565,0.0012,0.0315,0.0,0.0369,1
48,18,0.0373,0.0134,0.9949,0.9401,0.0,0.0139,123
48,19,0.037,0.0121,0.9968,0.9366,0.0,0.0085,121
48,20,0.041,0.0105,0.9981,0.9277,0.0,0.0073,123
48,21,0.0386,0.0104,0.9978,0.9248,0.0,0.0066,118
48,22,0.0268,0.0071,0.9982,0.964,0.0,0.0071,124
48,23,0.071,0.0259,0.9123,0.8519,0.0,0.0168,125
48,24,0.0436,0.0121,0.9962,0.9263,0.0,0.0095,123
48,25,0.0298,0.0092,0.9979,0.9577,0.0,0.0072,123
48,26,0.1813,0.0541,0.0622,0.1031,0.0,0.088,2
48,27,0.0437,0.0106,0.9976,0.9212,0.0,0.0077,120
48,28,0.0398,0.0101,0.9973,0.9385,0.0,0.0093,122
48,29,0.0321,0.0122,0.9946,0.948,0.0,0.0105,121
48,30,0.0274,0.0093,0.9977,0.967,0.0,0.0029,128
48,31,0.2411,0.0864,0.0358,0.0565,0.0,0.1504,0
49,0,0.3133,0.1086,0.0136,0.05,0.0,0.1092,0
49,1,0.2411,0.0743,0.0023,0.0911,0.0,0.0317,3
49,2,0.0501,0.0133,0.9941,0.8723,0.0,0.005,113
49,3,0.0408,0.0169,0.9876,0.9194,0.0,0.011,122
49,4,0.0357,0.0113,0.9982,0.9389,0.0,0.0041,125
49,5,0.0676,0.0416,0.8699,0.8051,0.0001,0.0079,101
49,6,0.039,0.0136,0.9968,0.9197,0.0001,0.0031,120
49,7,0.1026,0.0355,0.5889,0.5735,0.0,0.0044,50
49,8,0.0364,0.0145,0.9939,0.9368,0.0,0.005,124
49,9,0.2362,0.0993,0.0228,0.1411,0.0002,0.0048,5
49,10,0.1718,0.0304,0.0007,0.1792,0.0,0.0248,9
49,11,0.1674,0.0676,0.0924,0.2322,0.0,0.0232,8
49,12,0.0373,0.0135,0.9965,0.9327,0.0001,0.007,122
49,13,0.0328,0.0161,0.9918,0.9444,0.0,0.0084,124
49,14,0.0357,0.0161,0.9939,0.9377,0.0,0.0081,125
49,15,0.0397,0.014,0.9955,0.9072,0.0,0.0027,118
49,16,0.1177,0.0581,0.4695,0.521,0.0001,0.0398,40
49,17,0.0599,0.0253,0.9412,0.8471,0.0,0.0087,115
49,18,0.128,0.0431,0.2036,0.5471,0.0001,0.0056,62
49,19,0.043,0.015,0.9956,0.9198,0.0004,0.0116,123
49,20,0.0492,0.0246,0.9621,0.8929,0.0001,0.007,120
49,21,0.0412,0.0202,0.9747,0.9049,0.0001,0.009,116
49,22,0.3077,0.0843,0.0002,0.0436,0.0,0.0127,3
49,23,0.1738,0.0624,0.0892,0.2632,0.0,0.0151,12
49,24,0.2685,0.0967,0.0222,0.1136,0.0,0.0222,6
49,25,0.0375,0.0128,0.998,0.9192,0.0,0.0092,120
49,26,0.1354,0.0224,0.0332,0.3783,0.0,0.0049,38
49,27,0.0892,0.0193,0.7678,0.7028,0.0001,0.0138,88
49,28,0.0346,0.0101,1.0,0.937,0.0,0.007,123
49,29,0.0507,0.012,0.9972,0.8753,0.0002,0.0105,115
49,30,0.1729,0.0455,0.0321,0.2166,0.0,0.0204,12
49,31,0.2388,0.0714,0.0118,0.1028,0.0,0.0387,3
50,0,0.0699,0.0189,0.9322,0.8146,0.0001,0.0023,104
50,1,0.0836,0.0448,0.7654,0.734,0.0001,0.0132,87
50,2,0.1017,0.0253,0.5547,0.635,0.0,0.0116,76
50,3,0.1415,0.0215,0.0266,0.4847,0.0,0.0079,54
50,4,0.2351,0.0915,0.0024,0.1119,0.0002,0.0666,6
50,5,0.0747,0.0263,0.8224,0.7705,0.0,0.0104,101
50,6,0.1599,0.0548,0.1233,0.3269,0.0,0.0215,28
50,7,0.1363,0.02,0.047,0.4989,0.0,0.0091,57
50,8,0.0688,0.0394,0.8517,0.8099,0.0002,0.0081,103
50,9,0.1367,0.0204,0.021,0.5074,0.0,0.0178,63
50,10,0.1226,0.0224,0.1318,0.5587,0.0,0.013,59
50,11,0.0868,0.0451,0.789,0.7244,0.0001,0.0012,91
50,12,0.058,0.0248,0.9283,0.8534,0.0001,0.0062,118
50,13,0.0509,0.0423,0.9073,0.8961,0.0,0.0078,128
50,14,0.1698,0.0712,0.0472,0.2707,0.0,0.0146,20
50,15,0.2531,0.0881,0.0264,0.1778,0.0,0.011,14
50,16,0.1583,0.044,0.0453,0.316,0.0,0.0202,31
50,17,0.3979,0.121,0.0021,0.0193,0.0,0.1896,0
50,18,0.3043,0.0817,0.0005,0.0271,0.0,0.0863,1
50,19,0.2184,0.0636,0.0101,0.1993,0.0,0.0194,18
50,20,0.3765,0.1025,0.0,0.0166,0.0,0.1297,0
50,21,0.3183,0.0906,0.0001,0.0263,0.0,0.0371,2
50,22,0.1677,0.0608,0.0455,0.2893,0.0005,0.0703,16
50,23,0.3188,0.0472,0.0,0.0132,0.0,0.0225,1
50,24,0.3023,0.0927,0.0001,0.0301,0.0,0.065,1
50,25,0.1692,0.0447,0.0088,0.2413,0.0,0.0302,21
50,26,0.2117,0.0706,0.0041,0.1163,0.0,0.0483,2
50,27,0.1034,0.0243,0.5175,0.6172,0.0,0.0167,85
50,28,0.2117,0.0635,0.0056,0.1651,0.0001,0.0463,9
50,29,0.2492,0.0691,0.0008,0.095,0.0,0.0654,4
50,30,0.2107,0.0834,0.0026,0.1397,0.0001,0.0121,4
50,31,0.1079,0.0324,0.4885,0.5626,0.0001,0.0162,58
51,0,0.0606,0.0159,0.9815,0.8277,0.0,0.0068,108
51,1,0.0738,0.0175,0.9308,0.7441,0.0,0.0063,96
51,2,0.0262,0.009,1.0,0.9729,0.0,0.0041,127
51,3,0.1556,0.0519,0.033,0.2842,0.0,0.0321,19
51,4,0.0396,0.0088,1.0,0.9162,0.0,0.0048,120
51,5,0.0289,0.0092,0.9999,0.9599,0.0,0.0043,126
51,6,0.0262,0.0074,1.0,0.9595,0.0,0.004,123
51,7,0.0289,0.0097,1.0,0.9532,0.0,0.0064,123
51,8,0.0412,0.0097,0.9998,0.89,0.0,0.0037,116
51,9,0.0448,0.0119,0.9996,0.8709,0.0,0.008,111
51,10,0.0375,0.0107,0.9997,0.9305,0.0,0.0056,123
51,11,0.0462,0.0094,0.9999,0.8666,0.0,0.0045,108
51,12,0.0592,0.0169,0.9766,0.8185,0.0001,0.005,107
51,13,0.0336,0.0131,0.9993,0.9569,0.0,0.0043,127
51,14,0.0371,0.0108,1.0,0.9109,0.0,0.0034,120
51,15,0.0283,0.0082,1.0,0.9642,0.0,0.0065,125
51,16,0.169,0.0651,0.127,0.3173,0.0,0.0027,34
51,17,0.1565,0.0575,0.1563,0.3276,0.0,0.0029,34
51,18,0.0519,0.0133,0.9925,0.8639,0.0,0.0059,115
51,19,0.1706,0.0623,0.1104,0.2987,0.0,0.0031,30
51,20,0.1955,0.0752,0.0715,0.2748,0.0,0.0034,30
51,21,0.0486,0.0161,0.9871,0.8876,0.0,0.0053,120
51,22,0.1346,0.0475,0.2591,0.4058,0.0,0.0053,37
51,23,0.0439,0.0143,0.9963,0.9174,0.0,0.0054,123
51,24,0.1927,0.072,0.0684,0.2455,0.0,0.0061,25
51,25,0.1728,0.0442,0.0139,0.3768,0.012,0.0099,35
51,26,0.1737,0.0654,0.1071,0.333,0.0,0.0038,36
51,27,0.0376,0.0127,0.9956,0.9147,0.0,0.0025,121
51,28,0.2438,0.0898,0.0309,0.1965,0.0,0.0076,22
51,29,0.1543,0.0448,0.081,0.275,0.0,0.0028,26
51,30,0.0637,0.0179,0.9551,0.8204,0.0,0.0076,113
51,31,0.1159,0.0427,0.4152,0.4831,0.0,0.0052,46
